Row No.,ChildBks,YouthBks,CookBks,DoItYBks,RefBks,ArtBks,GeogBks
1,0,0,1,0,1,1,1
2,0,1,0,1,1,1,0
3,0,0,0,1,1,1,1
4,1,0,0,0,0,0,0
5,0,0,0,1,1,0,0
6,1,0,1,0,1,1,1
7,1,0,1,1,1,1,0
8,0,0,1,1,1,0,1
9,0,0,1,0,0,1,1
10,0,0,1,1,0,1,1
11,1,0,1,1,1,0,0
12,0,0,0,0,1,0,1
13,0,1,1,1,0,0,0
14,0,1,0,0,1,0,1
15,0,0,0,1,0,1,0
16,1,1,0,0,0,0,0
17,0,1,0,0,0,0,1
18,0,1,1,1,0,0,1
19,0,0,1,1,1,1,0
20,0,1,1,1,0,0,1
21,0,1,1,0,0,1,1
22,1,0,0,1,0,0,1
23,0,1,0,0,1,1,1
24,1,0,0,0,1,0,1
25,1,0,1,1,0,1,1
26,0,0,1,0,0,0,0
27,0,1,1,1,0,1,0
28,0,0,0,1,1,0,0
29,0,1,1,1,0,1,0
30,1,1,0,1,0,1,1
31,0,1,1,1,0,0,0
32,1,0,1,0,0,0,0
33,0,1,1,0,1,0,1
34,1,1,0,1,1,0,1
35,0,0,1,1,0,0,0
36,1,0,0,0,0,1,0
37,1,0,0,0,0,0,0
38,0,1,1,1,0,1,0
39,1,0,0,0,0,1,1
40,0,0,0,1,1,0,1
41,0,1,1,1,0,1,1
42,0,1,0,1,0,1,1
43,0,0,0,0,0,0,0
44,1,1,0,1,1,1,1
45,1,0,1,0,0,1,1
46,0,0,0,0,1,0,0
47,0,0,1,0,1,1,1
48,0,1,1,0,1,0,0
49,0,1,1,0,1,0,0
50,0,1,1,1,0,0,0
51,0,0,1,1,1,0,1
52,1,1,0,1,0,0,0
53,1,0,1,0,1,0,0
54,0,1,0,0,1,0,0
55,0,1,0,1,0,0,0
56,1,1,1,0,0,0,1
57,0,0,1,1,0,0,1
58,0,0,1,1,0,0,1
59,1,1,0,0,1,0,0
60,1,1,1,1,1,0,1
61,1,0,1,1,0,0,1
62,0,1,0,1,0,0,1
63,0,1,0,0,0,1,1
64,0,0,1,0,0,0,1
65,0,0,0,1,0,0,0
66,0,1,1,0,0,1,1
67,0,1,1,0,1,1,0
68,0,0,0,1,0,0,0
69,0,0,0,0,0,0,0
70,1,1,0,0,1,0,0
71,0,1,1,1,1,0,1
72,0,0,1,1,0,1,1
73,0,0,1,1,1,0,0
74,0,0,0,1,1,0,1
75,1,1,0,1,0,0,0
76,0,0,0,0,0,0,0
77,0,0,0,1,1,0,0
78,1,1,0,1,1,1,1
79,0,1,1,0,0,1,1
80,0,0,0,1,0,0,1
81,0,1,0,1,1,1,0
82,0,1,0,0,1,0,0
83,0,1,0,0,0,1,0
84,1,1,0,1,0,1,0
85,0,1,0,1,0,1,0
86,0,1,0,1,1,0,1
87,1,1,1,0,0,0,0
88,0,0,1,1,1,1,0
89,0,0,1,0,0,0,0
90,0,1,1,1,0,0,1
91,0,0,0,0,0,1,1
92,0,0,0,1,1,0,1
93,1,0,0,0,1,1,1
94,1,1,0,1,0,1,1
95,0,0,0,0,1,0,0
96,1,0,1,1,0,1,0
97,0,0,0,0,1,0,0
98,0,1,0,0,0,0,0
99,1,0,1,1,0,1,1
100,0,1,0,1,0,1,0
101,1,0,0,0,1,0,1
102,0,1,1,0,1,0,0
103,1,1,0,0,1,0,1
104,0,0,1,0,0,1,1
105,0,0,0,1,0,0,1
106,0,1,1,1,1,1,0
107,0,1,1,0,1,0,1
108,1,0,0,1,1,1,1
109,0,1,1,1,0,1,1
110,0,1,0,1,1,1,0
111,1,1,0,1,0,1,1
112,0,1,0,0,0,0,0
113,1,1,1,0,1,0,1
114,0,1,0,0,1,1,0
115,0,0,0,1,1,0,1
116,0,0,0,0,0,1,0
117,0,1,0,1,1,1,0
118,1,1,1,1,0,0,0
119,0,1,0,1,0,0,1
120,0,0,1,1,1,1,1
121,0,1,0,0,0,0,1
122,0,0,1,1,0,1,1
123,0,0,0,0,0,1,0
124,1,0,1,0,0,0,0
125,1,1,1,1,0,0,1
126,0,1,0,0,1,0,0
127,1,0,1,1,1,0,1
128,1,1,1,0,1,0,0
129,1,0,0,1,0,1,0
130,1,0,1,1,0,1,0
131,1,0,0,0,1,0,0
132,0,1,0,0,0,1,0
133,0,0,1,0,0,0,1
134,1,1,0,1,1,1,0
135,0,0,0,1,0,1,1
136,1,0,0,0,0,1,1
137,1,1,1,0,1,0,0
138,1,1,1,1,1,0,0
139,1,1,0,1,1,1,0
140,1,0,0,0,1,1,1
141,0,0,1,1,0,0,0
142,1,0,0,1,0,1,0
143,1,1,1,1,0,1,0
144,0,1,0,0,0,0,1
145,1,1,0,1,0,0,1
146,0,1,1,1,1,0,1
147,0,0,1,1,0,1,0
148,0,0,0,1,0,1,0
149,1,0,0,0,1,1,1
150,1,1,0,0,0,1,1
151,1,1,1,0,1,0,0
152,1,0,0,0,0,1,1
153,0,0,0,0,1,0,0
154,0,0,1,0,0,0,1
155,1,0,1,0,0,0,0
156,0,0,0,1,1,1,0
157,1,0,1,0,0,0,0
158,1,1,0,1,1,0,1
159,0,0,1,1,1,1,0
160,1,0,1,0,0,0,0
161,1,1,1,0,1,1,1
162,0,0,0,0,1,1,1
163,1,0,1,0,1,0,0
164,1,1,1,0,1,1,1
165,1,1,1,0,0,1,0
166,0,0,1,0,0,0,0
167,0,1,0,1,1,1,1
168,1,0,1,1,1,1,0
169,1,1,0,1,1,1,1
170,1,1,1,0,1,0,1
171,1,0,1,1,1,1,0
172,0,0,0,0,0,0,1
173,1,1,1,0,1,0,1
174,0,0,1,0,1,0,0
175,1,0,0,0,1,1,1
176,1,1,1,0,1,0,1
177,0,0,0,0,0,0,0
178,0,1,0,1,1,0,1
179,1,0,1,1,1,0,0
180,1,1,0,0,0,1,0
181,0,0,1,0,0,0,0
182,1,1,0,0,1,0,1
183,1,0,1,1,0,1,1
184,0,1,0,0,0,0,1
185,0,0,0,1,1,0,0
186,1,0,1,1,0,0,1
187,0,1,1,0,0,1,0
188,0,1,1,1,1,0,0
189,1,1,1,1,0,0,1
190,0,1,1,0,1,0,1
191,0,1,0,1,0,0,1
192,1,1,1,0,1,1,1
193,1,1,0,0,0,0,0
194,1,0,0,1,0,1,0
195,0,1,1,0,0,0,0
196,1,1,1,1,0,0,1
197,1,0,1,0,1,1,0
198,0,1,1,0,0,0,1
199,1,0,0,1,1,1,0
200,0,0,0,1,0,1,1
201,1,1,1,1,0,1,1
202,1,1,1,1,1,1,0
203,0,1,0,0,0,1,1
204,1,1,1,0,1,0,1
205,0,0,1,1,0,1,1
206,0,1,0,1,1,0,1
207,0,0,0,0,1,0,1
208,1,1,0,1,0,0,0
209,0,0,0,0,1,1,1
210,0,1,0,1,1,1,1
211,0,1,1,0,0,1,1
212,0,0,0,1,0,0,0
213,1,0,0,0,0,1,1
214,0,1,0,0,1,0,1
215,0,1,0,0,1,1,1
216,0,1,0,0,1,0,1
217,1,1,1,1,0,1,1
218,1,0,0,0,1,1,0
219,1,1,0,0,0,0,1
220,1,1,0,1,1,1,1
221,0,0,1,1,0,0,0
222,0,1,0,1,0,0,1
223,1,1,1,1,1,0,0
224,1,0,0,0,1,0,1
225,1,1,1,1,1,0,0
226,1,1,0,0,0,1,0
227,1,1,0,1,1,0,1
228,1,0,1,0,0,0,1
229,1,1,0,0,0,0,1
230,0,0,0,1,0,0,1
231,1,1,0,0,0,0,0
232,0,0,1,0,0,0,0
233,0,0,0,0,0,1,0
234,1,1,1,0,0,0,1
235,0,1,0,0,1,1,0
236,1,1,1,1,0,1,1
237,1,1,1,0,0,0,1
238,0,0,1,0,0,0,0
239,0,1,1,1,1,1,0
240,0,1,1,0,0,1,0
241,1,0,0,1,1,1,0
242,1,0,0,0,1,0,1
243,1,0,1,0,0,0,1
244,1,0,1,1,1,1,0
245,0,1,0,1,0,0,1
246,0,1,0,1,0,0,0
247,0,0,1,0,0,1,1
248,0,0,1,1,0,1,1
249,1,0,1,1,0,0,1
250,1,1,0,1,1,0,0
251,1,0,0,1,1,0,1
252,0,0,1,1,1,0,1
253,1,1,0,1,0,0,1
254,1,0,0,0,1,0,1
255,1,0,1,1,1,0,0
256,1,0,0,0,0,0,0
257,0,0,0,0,0,0,1
258,0,0,0,0,0,0,0
259,1,0,1,0,0,1,0
260,1,0,1,1,0,0,1
261,1,1,1,1,1,1,0
262,0,0,1,0,1,0,1
263,0,1,0,0,0,0,1
264,1,1,0,0,0,0,0
265,0,1,1,0,1,0,0
266,1,0,0,1,1,0,0
267,1,0,1,1,0,1,0
268,0,0,0,0,1,1,0
269,1,0,0,1,0,1,1
270,0,1,0,0,1,0,0
271,0,1,1,1,0,0,1
272,0,0,1,1,1,0,0
273,1,1,0,1,0,1,1
274,0,0,1,0,1,0,1
275,1,1,0,0,1,0,0
276,0,0,0,1,0,0,0
277,0,0,1,1,1,0,0
278,0,0,0,1,0,1,0
279,1,1,0,1,0,1,0
280,0,0,1,0,1,0,1
281,0,1,0,0,1,0,0
282,1,0,1,0,0,1,0
283,0,0,1,1,0,1,0
284,1,0,1,1,1,0,0
285,1,0,1,0,0,1,0
286,0,0,1,0,0,0,0
287,1,0,1,1,1,0,0
288,1,0,1,0,1,0,0
289,1,1,1,1,1,0,1
290,0,1,1,0,1,1,1
291,0,0,1,1,1,1,1
292,1,1,0,1,1,0,0
293,0,1,1,1,0,0,1
294,0,1,1,1,1,1,0
295,1,1,0,1,0,1,0
296,0,0,1,1,1,1,0
297,1,1,1,0,0,1,0
298,0,0,1,0,0,0,0
299,0,1,0,0,0,1,0
300,0,0,1,1,0,0,1
301,1,1,0,1,0,1,0
302,0,1,0,0,1,1,1
303,1,0,0,0,1,1,0
304,0,1,0,0,1,0,1
305,0,1,1,1,1,0,1
306,1,0,0,1,1,0,0
307,1,0,0,1,0,1,1
308,0,1,0,1,0,1,0
309,0,0,1,0,1,0,1
310,1,1,0,0,0,1,0
311,1,1,1,0,1,0,1
312,0,0,0,1,1,1,1
313,1,1,0,1,1,1,0
314,0,1,1,1,0,1,0
315,1,0,0,0,1,0,1
316,0,1,1,0,1,0,0
317,0,0,1,0,1,1,1
318,0,0,0,0,1,0,0
319,0,0,0,0,1,1,0
320,0,0,0,0,0,0,0
321,1,1,0,1,1,0,0
322,0,0,1,0,1,1,1
323,1,0,1,1,1,0,1
324,0,1,1,1,0,0,0
325,1,0,1,1,0,0,1
326,1,0,0,1,0,1,0
327,1,1,1,0,1,0,1
328,1,0,0,0,0,1,0
329,1,1,1,1,1,1,1
330,1,1,0,0,1,0,0
331,1,0,1,1,1,0,1
332,0,1,0,0,1,1,0
333,0,0,0,0,0,1,1
334,1,0,0,1,0,0,1
335,1,0,0,0,1,0,0
336,1,0,0,0,0,1,1
337,1,1,0,0,0,1,0
338,0,1,0,0,0,1,0
339,1,0,1,1,0,1,0
340,1,0,0,0,0,1,0
341,1,0,0,1,0,0,0
342,1,0,1,1,1,1,1
343,0,1,0,0,0,1,0
344,0,0,1,0,0,0,1
345,1,1,1,1,1,1,0
346,1,0,1,1,0,0,1
347,1,0,0,1,1,0,1
348,0,0,1,0,1,1,1
349,0,1,0,0,1,0,0
350,1,1,0,0,1,0,0
351,0,0,1,1,0,0,0
352,1,1,0,1,1,0,1
353,0,0,0,1,1,0,0
354,1,1,1,1,0,1,0
355,0,0,1,1,1,1,0
356,1,0,1,0,1,1,0
357,1,0,0,0,0,1,1
358,1,0,1,0,0,0,0
359,0,0,0,1,1,0,1
360,0,1,1,0,0,1,0
361,1,1,0,1,0,1,1
362,1,1,1,0,0,1,0
363,0,0,0,1,1,0,1
364,1,1,0,1,1,0,1
365,1,0,1,1,1,0,1
366,1,0,0,1,1,1,1
367,0,1,1,1,1,0,0
368,0,0,1,0,1,1,1
369,0,1,1,1,0,0,0
370,0,0,0,1,1,1,0
371,0,0,0,1,0,1,0
372,0,1,0,1,0,1,0
373,1,1,0,0,1,0,0
374,1,0,1,1,1,0,0
375,0,1,1,1,0,1,1
376,1,1,0,1,1,1,0
377,0,1,1,1,0,1,1
378,1,1,0,0,0,1,0
379,0,0,0,0,0,1,0
380,1,0,1,0,1,0,1
381,1,1,1,0,1,1,1
382,0,0,1,1,0,1,0
383,1,1,1,1,1,0,0
384,1,1,0,0,0,0,1
385,1,0,1,1,1,0,1
386,0,1,1,1,1,0,0
387,1,1,1,1,0,1,0
388,0,0,0,1,0,1,0
389,0,0,1,0,1,1,0
390,0,1,1,0,1,0,1
391,1,0,1,1,0,0,0
392,0,0,1,1,1,0,0
393,1,0,0,1,0,0,0
394,1,0,0,1,1,0,1
395,1,1,1,0,0,0,1
396,0,1,0,1,1,0,1
397,0,1,0,0,0,0,0
398,1,1,1,1,1,1,1
399,1,0,0,0,0,0,0
400,1,0,0,1,0,1,1
401,1,0,1,0,1,0,0
402,0,0,0,0,0,0,1
403,0,1,0,1,0,0,0
404,1,1,0,1,0,1,0
405,0,1,1,1,0,1,1
406,1,0,1,1,1,1,1
407,0,0,0,0,0,0,0
408,1,0,1,1,1,0,0
409,0,1,1,0,1,1,0
410,1,1,0,1,1,1,0
411,1,1,0,0,1,1,0
412,1,1,1,0,1,1,1
413,1,1,0,0,1,1,0
414,0,1,1,1,0,1,1
415,1,0,0,0,0,0,1
416,1,1,1,0,1,1,1
417,1,0,1,1,1,1,0
418,1,1,0,1,1,1,1
419,1,0,0,0,0,0,1
420,1,1,0,0,0,0,1
421,0,0,0,0,1,0,1
422,0,1,1,0,1,1,1
423,1,1,1,0,0,0,1
424,0,1,0,1,1,1,1
425,0,0,0,1,0,0,0
426,1,1,1,0,1,1,0
427,0,1,1,0,1,0,0
428,1,1,0,0,0,0,0
429,1,0,0,0,1,0,1
430,1,1,0,1,0,0,1
431,0,1,1,0,1,0,0
432,1,0,0,0,0,1,1
433,1,0,0,0,0,1,0
434,1,1,0,0,1,1,0
435,1,1,1,0,0,0,0
436,1,1,1,1,0,1,1
437,1,1,1,0,1,0,0
438,1,1,0,0,0,1,1
439,1,1,0,0,0,1,1
440,1,1,0,1,1,1,0
441,1,1,1,1,1,1,0
442,0,0,0,1,1,0,1
443,0,0,1,0,1,0,1
444,0,1,0,0,0,1,1
445,0,0,1,0,0,1,1
446,1,1,1,1,1,0,0
447,0,1,0,1,1,0,0
448,1,0,0,1,1,0,1
449,1,0,1,1,0,1,1
450,1,0,1,0,0,1,1
451,0,0,1,1,0,1,0
452,0,1,1,1,0,1,1
453,0,1,0,1,0,0,1
454,0,1,1,0,0,1,0
455,1,0,1,1,0,0,1
456,1,0,0,1,0,0,0
457,0,1,1,0,0,0,1
458,1,0,0,1,0,0,0
459,1,1,1,0,0,0,1
460,1,0,0,0,0,0,1
461,1,1,1,0,0,0,1
462,1,1,1,1,1,1,1
463,1,1,0,0,1,0,1
464,0,1,0,0,0,1,1
465,1,1,0,1,0,0,0
466,0,0,1,1,0,1,1
467,0,1,0,0,0,1,0
468,0,1,0,1,1,1,1
469,1,1,1,0,1,1,0
470,0,0,0,1,0,1,1
471,0,0,0,0,1,0,0
472,0,1,0,0,1,0,0
473,1,0,0,1,1,1,1
474,1,0,1,1,1,1,0
475,0,1,1,1,0,1,1
476,0,0,1,1,0,1,1
477,1,0,1,0,1,0,1
478,0,1,1,1,0,0,1
479,0,1,0,0,1,1,0
480,0,0,0,0,0,0,0
481,1,1,0,1,1,1,0
482,1,0,1,1,0,1,0
483,0,0,1,0,0,1,1
484,1,1,1,1,0,1,1
485,0,1,1,0,0,0,0
486,1,1,0,0,1,1,1
487,1,1,0,0,0,0,1
488,1,1,1,0,1,0,1
489,0,0,0,1,1,0,0
490,1,0,1,0,0,0,1
491,0,1,1,0,1,1,0
492,0,0,1,1,1,0,0
493,1,0,1,0,1,0,0
494,0,0,1,0,1,1,0
495,1,1,0,1,1,0,0
496,1,0,1,0,1,1,1
497,1,0,0,0,0,1,1
498,0,1,1,0,0,0,1
499,1,1,0,1,1,1,0
500,0,1,0,1,1,0,1
501,1,1,1,0,1,0,1
502,1,1,1,1,1,1,1
503,0,0,1,1,0,1,0
504,1,0,0,1,1,1,0
505,0,0,0,0,0,1,1
506,0,0,0,0,0,0,0
507,1,1,1,0,0,0,1
508,0,1,1,0,0,0,0
509,1,1,1,0,1,0,1
510,0,0,0,0,1,0,1
511,1,0,1,1,1,0,1
512,1,0,1,1,1,1,1
513,1,0,0,0,1,1,1
514,1,1,0,1,1,0,1
515,0,1,0,1,1,1,1
516,0,0,0,1,0,0,1
517,0,0,0,1,0,0,1
518,1,0,0,0,0,0,0
519,0,0,1,1,0,0,0
520,0,0,1,0,1,1,1
521,0,1,0,1,1,0,0
522,1,0,1,1,1,0,0
523,1,0,1,0,0,1,0
524,1,0,0,0,0,0,1
525,1,0,0,1,0,1,0
526,0,0,1,0,1,0,0
527,0,1,0,1,0,1,1
528,1,0,1,0,1,1,1
529,0,0,0,1,1,0,1
530,1,0,0,1,0,0,0
531,1,0,1,0,0,0,1
532,1,0,1,0,0,0,0
533,0,0,1,1,1,1,1
534,1,0,0,0,1,0,0
535,0,0,0,1,0,1,1
536,1,1,0,0,1,0,1
537,1,1,0,1,1,0,0
538,1,1,1,0,0,1,0
539,0,1,1,1,0,1,1
540,1,0,0,1,0,1,0
541,0,1,0,1,1,0,1
542,0,1,0,0,0,1,0
543,0,0,1,1,0,1,1
544,0,0,1,1,0,0,1
545,0,1,0,0,1,0,1
546,1,1,1,0,1,0,1
547,0,0,1,1,1,0,0
548,0,1,1,0,0,0,0
549,0,0,0,0,0,0,1
550,1,0,1,1,1,0,0
551,0,1,1,1,0,0,1
552,0,1,1,1,0,1,0
553,1,0,0,1,0,1,0
554,0,0,0,1,1,1,1
555,0,0,1,0,0,0,0
556,1,0,0,0,1,1,1
557,0,0,1,0,1,0,0
558,0,1,0,1,0,0,1
559,1,1,1,0,0,0,0
560,1,1,1,1,0,0,1
561,0,1,1,1,1,1,0
562,0,0,0,0,1,0,0
563,1,1,1,0,1,0,0
564,0,1,1,0,0,1,0
565,0,0,1,0,1,1,1
566,0,1,1,1,0,0,1
567,1,0,1,0,1,0,0
568,1,1,1,0,0,0,0
569,1,0,1,0,1,1,0
570,1,0,1,1,1,0,1
571,1,0,0,0,1,1,0
572,0,0,1,0,0,0,0
573,1,0,0,0,1,1,1
574,1,0,0,0,1,1,1
575,1,0,0,1,0,0,1
576,0,0,0,1,1,0,0
577,1,1,1,0,0,1,0
578,1,0,0,1,1,1,1
579,1,1,0,0,0,1,0
580,1,1,0,1,0,0,0
581,0,1,0,1,1,1,0
582,0,1,0,1,0,1,0
583,1,0,1,0,0,0,1
584,1,0,0,1,0,0,1
585,0,0,0,0,1,0,1
586,0,1,1,1,0,1,1
587,0,0,1,1,0,1,0
588,1,0,0,0,0,0,1
589,1,1,0,1,1,0,0
590,1,0,1,1,0,0,0
591,1,0,1,0,0,0,1
592,0,0,0,1,0,1,0
593,1,0,0,0,0,0,0
594,0,0,1,0,0,1,1
595,1,1,0,0,0,1,1
596,0,0,0,1,0,0,0
597,0,0,0,1,0,0,0
598,1,0,0,0,0,0,0
599,0,1,0,0,1,1,1
600,1,0,1,0,0,1,0
601,1,0,0,1,1,0,0
602,1,1,0,0,0,0,0
603,0,1,0,0,1,0,0
604,0,0,0,1,1,0,0
605,1,1,1,1,1,0,0
606,1,0,1,1,1,0,1
607,0,0,1,1,1,0,1
608,1,1,0,0,0,0,0
609,0,0,0,1,1,1,1
610,1,0,0,0,0,1,1
611,0,0,1,1,0,0,0
612,0,1,0,0,1,0,0
613,1,0,0,1,0,0,0
614,0,0,0,0,0,0,1
615,1,0,0,1,0,0,1
616,1,1,1,1,0,1,1
617,1,0,0,0,1,1,0
618,0,1,0,0,0,1,1
619,0,0,1,0,1,0,1
620,0,1,0,0,1,0,0
621,0,0,0,0,1,0,0
622,0,1,0,1,1,0,1
623,0,1,0,0,0,1,0
624,0,1,0,1,1,0,0
625,0,1,1,0,1,0,1
626,0,0,0,0,1,1,1
627,1,1,1,1,1,1,1
628,0,0,0,0,1,1,0
629,1,0,1,0,0,1,0
630,1,1,1,1,1,0,1
631,1,1,0,1,0,1,0
632,1,0,0,0,0,1,1
633,1,1,0,1,1,0,0
634,0,1,1,1,0,0,0
635,1,0,1,1,0,1,0
636,0,1,0,0,0,1,1
637,1,1,1,1,1,0,0
638,1,0,0,1,0,0,0
639,0,0,1,1,0,0,1
640,1,0,0,0,1,0,0
641,1,1,0,0,0,1,1
642,1,0,0,1,1,1,0
643,0,1,1,0,0,0,0
644,0,0,0,1,0,0,1
645,1,0,0,0,0,1,0
646,0,1,1,1,0,1,0
647,1,0,0,1,1,1,1
648,0,0,1,1,0,0,0
649,1,1,0,0,1,1,1
650,0,1,0,0,0,0,1
651,0,1,1,1,0,0,1
652,0,1,1,0,1,1,0
653,1,0,1,0,1,1,0
654,0,0,1,1,0,0,0
655,1,0,1,1,0,1,1
656,0,0,0,0,0,1,1
657,1,1,0,1,1,1,1
658,1,1,0,1,1,1,1
659,1,0,1,0,0,0,0
660,0,0,0,1,1,1,0
661,1,0,0,1,1,0,0
662,1,1,0,1,1,0,1
663,0,1,0,1,1,1,1
664,1,1,0,1,0,1,0
665,1,0,0,0,0,0,1
666,1,0,0,0,0,0,0
667,1,1,0,0,0,0,0
668,1,0,0,1,1,0,0
669,1,1,0,0,1,0,1
670,1,0,0,1,0,0,1
671,1,0,1,0,0,1,0
672,1,1,0,0,1,1,0
673,0,1,0,1,1,0,1
674,0,0,0,1,1,1,1
675,0,1,1,1,1,1,0
676,0,0,0,1,0,0,0
677,0,1,0,1,0,1,0
678,0,0,1,1,1,0,0
679,0,1,0,1,0,0,0
680,0,1,0,1,0,0,1
681,1,1,0,0,0,1,1
682,0,0,1,1,0,0,0
683,0,0,1,1,0,0,0
684,0,1,0,1,0,1,1
685,0,0,1,1,1,1,0
686,0,0,0,1,1,0,1
687,1,0,0,0,1,0,1
688,1,0,1,0,0,0,0
689,1,1,1,1,0,0,0
690,0,0,1,1,0,0,1
691,1,0,1,1,1,1,0
692,0,1,0,1,1,1,1
693,1,1,1,1,0,0,0
694,1,1,0,1,0,0,1
695,1,1,1,0,1,0,1
696,1,1,1,0,1,1,0
697,0,0,0,0,1,0,1
698,1,0,1,0,1,1,0
699,1,0,1,0,0,1,0
700,0,1,1,0,1,0,1
701,0,1,0,1,0,1,0
702,1,0,0,1,1,1,0
703,0,0,1,0,0,1,1
704,1,0,0,0,0,0,1
705,1,1,1,0,1,1,0
706,0,0,0,1,0,1,0
707,0,0,1,0,1,0,1
708,1,0,0,1,1,0,0
709,1,0,0,0,0,0,1
710,1,1,0,1,0,0,1
711,0,1,0,0,0,1,1
712,0,0,1,1,0,1,0
713,0,1,0,0,0,0,0
714,1,0,1,1,1,0,0
715,0,1,0,0,1,1,0
716,0,1,1,1,1,1,1
717,1,0,1,1,0,0,1
718,0,1,1,0,1,1,1
719,1,0,0,0,0,0,0
720,0,0,0,1,0,1,1
721,0,1,0,1,1,0,1
722,0,1,1,1,0,1,0
723,0,1,0,0,1,0,0
724,0,0,1,0,0,1,0
725,0,1,0,0,1,1,1
726,0,1,1,0,1,1,0
727,1,1,1,1,1,0,1
728,1,0,0,1,0,0,1
729,0,0,0,0,1,1,1
730,1,0,1,1,0,1,1
731,1,0,1,1,0,0,0
732,1,1,0,0,0,0,1
733,0,1,1,0,0,1,1
734,0,1,0,1,0,1,0
735,1,1,0,0,1,0,1
736,1,0,0,1,0,1,0
737,0,1,0,0,1,1,0
738,0,0,1,1,1,1,0
739,1,1,1,0,0,1,0
740,1,1,0,1,0,1,1
741,0,1,1,0,0,1,1
742,0,1,1,1,0,0,0
743,0,1,1,0,1,1,0
744,0,1,0,0,1,1,0
745,0,0,0,1,1,1,0
746,0,1,1,1,1,0,1
747,0,0,0,1,1,1,1
748,0,0,0,0,0,0,1
749,0,0,0,1,0,1,0
750,1,1,0,1,0,0,1
751,1,1,1,1,0,0,0
752,0,1,0,0,1,0,0
753,0,1,0,1,1,1,0
754,0,1,1,0,1,0,0
755,0,1,1,1,1,0,0
756,0,0,1,0,1,1,1
757,1,0,1,0,0,0,1
758,0,0,0,0,1,0,0
759,1,1,0,1,1,1,0
760,1,0,1,0,1,1,0
761,0,0,1,1,1,1,0
762,0,0,0,1,0,1,1
763,0,0,0,1,1,1,1
764,1,1,1,1,1,0,1
765,1,0,0,0,0,1,0
766,0,1,1,1,0,1,0
767,0,1,1,0,0,1,0
768,0,1,0,1,1,0,1
769,0,1,0,0,1,1,1
770,1,1,1,1,0,0,1
771,0,0,1,1,1,0,1
772,0,1,1,0,0,0,0
773,1,0,0,0,1,1,1
774,0,0,0,0,0,1,0
775,0,1,0,0,0,1,0
776,1,1,0,1,1,0,0
777,0,0,0,1,0,1,1
778,0,0,0,0,0,1,1
779,1,1,0,0,0,1,0
780,0,1,0,1,1,1,1
781,1,1,0,0,0,0,0
782,1,0,0,0,1,0,1
783,1,0,1,1,1,1,1
784,0,1,1,1,0,1,0
785,1,0,1,0,1,0,1
786,1,1,1,1,0,0,0
787,1,0,1,1,1,0,0
788,0,0,1,1,1,1,1
789,0,0,0,1,0,0,1
790,0,0,0,0,0,1,0
791,1,1,0,0,0,1,1
792,1,1,0,1,1,1,1
793,1,1,0,1,0,0,1
794,0,1,0,0,0,1,1
795,0,0,0,0,1,0,1
796,0,1,1,0,1,1,1
797,0,1,0,0,0,1,1
798,0,0,0,1,1,0,1
799,0,1,0,0,0,0,1
800,0,1,0,1,0,1,1
801,1,0,0,1,1,0,0
802,1,1,0,0,1,0,1
803,0,0,0,0,1,0,0
804,0,0,0,0,0,1,0
805,1,0,1,1,0,0,0
806,0,1,0,1,1,1,0
807,0,0,1,0,0,0,0
808,1,0,1,1,0,1,1
809,1,0,0,0,0,0,1
810,1,1,0,1,1,0,0
811,0,1,1,0,1,1,0
812,1,1,0,0,0,1,1
813,1,1,1,1,1,1,1
814,0,0,1,1,1,1,1
815,1,0,1,1,1,1,0
816,1,0,1,0,1,1,0
817,0,1,0,1,0,1,1
818,1,0,1,0,1,0,1
819,1,1,1,1,0,0,1
820,0,0,0,1,0,0,1
821,0,1,0,0,1,0,0
822,0,0,1,0,1,0,0
823,0,0,0,1,0,1,0
824,0,1,1,0,1,0,0
825,1,0,0,1,1,1,0
826,1,0,0,1,0,0,0
827,0,0,1,1,0,0,1
828,0,1,1,0,1,1,0
829,0,1,0,1,0,0,1
830,1,0,1,1,1,0,0
831,0,0,0,1,1,1,1
832,0,1,1,1,0,1,1
833,1,0,0,0,0,0,0
834,0,1,0,1,1,0,0
835,1,1,1,0,0,0,0
836,0,1,0,0,0,0,0
837,1,1,0,1,0,1,0
838,1,0,0,1,1,0,0
839,1,0,0,0,0,1,0
840,0,0,0,0,0,1,1
841,0,1,0,0,1,1,1
842,0,1,0,0,1,0,0
843,0,0,1,0,0,1,0
844,1,1,1,0,1,1,1
845,1,1,1,0,0,1,1
846,1,1,0,0,1,1,1
847,0,0,0,0,1,1,1
848,1,1,1,1,0,0,1
849,1,1,0,0,0,0,1
850,0,0,1,0,1,0,0
851,1,1,0,1,0,0,1
852,0,1,1,0,0,1,1
853,1,0,1,0,0,0,1
854,0,0,0,1,1,0,1
855,0,1,1,0,1,0,0
856,1,0,1,1,1,1,0
857,1,0,0,0,1,1,1
858,0,0,0,0,1,1,0
859,1,1,0,1,0,1,0
860,1,0,0,1,0,0,0
861,1,1,1,1,0,1,0
862,1,1,1,1,1,0,1
863,1,1,0,0,1,0,0
864,1,0,1,0,0,1,1
865,1,0,1,1,0,1,0
866,0,0,0,1,0,0,0
867,0,0,0,1,0,0,1
868,1,1,1,0,1,1,0
869,0,0,1,0,0,0,1
870,0,0,0,1,0,0,1
871,0,0,0,0,0,1,0
872,1,1,1,1,0,0,1
873,0,0,0,1,0,0,1
874,1,1,1,1,1,1,1
875,1,0,0,1,0,0,0
876,0,0,1,1,0,0,0
877,0,1,1,1,1,1,0
878,1,0,0,1,1,1,0
879,0,0,0,1,1,0,1
880,0,0,0,0,0,0,0
881,1,1,0,0,0,1,1
882,1,0,0,0,0,1,0
883,0,1,1,0,1,1,0
884,0,0,0,1,1,0,1
885,1,0,1,1,0,1,1
886,0,1,0,1,1,0,0
887,1,0,0,0,0,1,0
888,0,1,0,0,0,1,0
889,0,1,0,1,1,0,0
890,0,1,1,0,1,1,0
891,0,1,0,1,1,1,0
892,0,1,1,1,0,1,0
893,1,1,1,1,1,1,0
894,1,1,0,0,1,1,0
895,0,1,0,1,1,0,0
896,1,0,1,0,0,0,1
897,1,0,0,1,0,1,1
898,0,1,1,0,0,1,1
899,0,0,1,1,1,0,1
900,0,0,1,1,1,1,0
901,1,1,1,1,1,1,1
902,0,0,0,1,1,1,0
903,0,1,1,1,1,0,1
904,1,0,1,0,1,0,0
905,1,0,0,1,1,0,1
906,0,0,1,1,1,0,0
907,1,0,1,1,0,0,1
908,1,0,1,1,1,0,1
909,0,0,0,1,0,1,1
910,1,1,1,0,1,0,1
911,1,0,0,1,1,1,0
912,0,1,0,1,0,1,1
913,0,0,0,1,0,0,1
914,0,1,1,0,0,1,1
915,0,1,0,1,0,0,0
916,1,1,0,1,1,1,0
917,1,0,1,1,0,0,1
918,0,1,1,0,0,0,0
919,1,1,0,0,0,0,1
920,0,1,1,1,1,0,1
921,1,1,0,0,1,0,0
922,0,0,0,1,1,1,1
923,1,0,1,0,1,1,0
924,0,1,1,0,0,0,1
925,0,0,0,1,1,0,0
926,1,1,0,0,1,1,0
927,1,0,0,0,1,0,1
928,1,0,0,0,1,1,1
929,0,1,0,1,0,0,1
930,1,0,1,0,0,0,1
931,0,1,0,0,1,1,0
932,0,0,0,0,0,0,0
933,0,1,1,0,1,0,0
934,1,0,1,1,0,1,1
935,1,0,1,0,0,0,0
936,0,1,1,0,0,1,1
937,1,1,1,1,1,1,0
938,0,0,1,1,0,0,1
939,1,0,0,0,0,0,0
940,0,1,1,0,1,1,1
941,0,1,0,1,1,0,1
942,1,0,1,1,1,0,0
943,1,1,0,0,1,1,1
944,1,0,0,0,0,1,0
945,1,0,0,0,1,0,1
946,1,0,0,1,0,1,1
947,0,0,1,1,0,1,1
948,1,1,1,1,1,0,0
949,0,0,1,0,0,0,0
950,1,0,1,1,0,0,1
951,1,0,0,0,0,0,1
952,0,1,0,0,1,1,1
953,1,1,0,1,1,0,1
954,0,0,0,0,0,0,0
955,0,0,1,1,1,0,0
956,1,1,0,1,1,1,1
957,0,0,1,1,1,1,1
958,1,0,1,0,0,0,0
959,0,0,1,0,0,0,1
960,0,0,1,1,0,0,1
961,0,0,0,1,0,1,0
962,1,1,0,1,0,1,0
963,1,1,0,1,0,0,1
964,1,0,1,1,1,0,1
965,1,0,1,0,1,1,1
966,0,1,1,0,1,1,1
967,1,0,0,0,0,0,1
968,1,0,0,0,0,1,1
969,1,1,1,0,1,1,1
970,0,0,0,0,1,0,1
971,1,1,1,0,1,1,1
972,0,1,0,1,1,0,0
973,1,0,1,0,1,1,0
974,1,1,0,1,0,0,0
975,1,0,1,1,0,1,0
976,0,0,0,0,1,0,0
977,1,1,1,1,0,1,1
978,1,0,1,1,0,0,1
979,0,0,0,0,0,0,1
980,1,1,0,0,1,1,0
981,1,0,0,0,1,0,0
982,1,0,0,0,0,1,0
983,1,0,1,1,1,1,1
984,0,0,0,0,1,1,1
985,0,0,1,1,1,1,1
986,0,0,1,1,1,1,0
987,0,0,1,0,0,0,1
988,0,1,1,0,0,1,0
989,1,1,1,0,0,1,0
990,1,1,0,1,1,1,0
991,0,0,0,1,1,1,0
992,1,0,1,1,0,0,1
993,1,0,0,0,0,0,1
994,1,0,0,0,1,0,0
995,1,1,0,1,0,1,1
996,0,0,1,1,0,1,1
997,0,1,1,1,0,0,0
998,1,0,0,1,1,0,1
999,0,0,0,0,0,0,1
1000,0,1,0,0,0,0,0
1001,0,0,0,0,0,0,0
1002,0,0,1,0,0,1,1
1003,0,1,0,0,1,0,1
1004,1,1,1,0,0,0,0
1005,1,1,1,1,1,1,0
1006,1,0,0,0,0,0,1
1007,0,0,1,1,1,1,0
1008,1,1,1,1,1,1,0
1009,1,1,1,1,1,1,0
1010,0,0,0,0,0,0,1
1011,0,0,1,1,0,0,1
1012,0,0,1,0,1,0,0
1013,1,0,1,1,1,0,0
1014,0,1,1,1,1,1,0
1015,1,0,0,0,1,0,0
1016,1,1,0,1,0,0,0
1017,1,0,1,0,0,1,0
1018,1,0,0,1,1,1,0
1019,1,0,0,1,1,1,0
1020,1,1,1,0,0,0,1
1021,1,0,1,1,0,1,1
1022,1,1,0,1,1,0,1
1023,0,0,1,0,0,1,0
1024,1,1,1,1,1,0,1
1025,0,1,1,0,0,1,1
1026,0,0,0,1,0,0,1
1027,1,0,1,1,0,1,0
1028,1,0,0,0,1,1,1
1029,0,1,1,1,0,1,1
1030,0,1,1,0,0,0,1
1031,0,1,1,0,0,1,0
1032,1,0,0,0,1,1,1
1033,0,1,0,1,0,0,1
1034,1,0,1,0,1,1,0
1035,0,0,0,0,0,0,0
1036,0,0,1,1,1,1,1
1037,1,1,1,0,1,0,0
1038,1,0,1,0,0,0,0
1039,1,0,1,0,0,1,0
1040,1,1,1,0,0,0,1
1041,0,1,0,0,1,0,1
1042,0,0,1,0,1,0,1
1043,0,1,0,0,1,1,1
1044,1,1,1,0,0,1,1
1045,1,1,0,1,0,0,0
1046,0,0,0,0,1,1,1
1047,0,0,1,1,1,0,1
1048,1,0,1,1,1,0,1
1049,1,0,1,1,1,0,1
1050,1,1,0,1,0,0,1
1051,0,1,1,1,0,1,0
1052,1,1,1,0,0,1,0
1053,0,1,0,1,1,0,0
1054,0,1,1,1,0,0,1
1055,1,1,0,1,0,0,1
1056,0,0,1,1,1,0,0
1057,0,0,0,0,1,0,0
1058,1,0,0,0,0,1,1
1059,0,0,1,0,0,0,0
1060,0,0,1,1,0,0,1
1061,0,1,0,1,0,1,0
1062,0,1,0,0,0,1,0
1063,1,0,0,0,0,0,0
1064,0,0,1,1,1,0,1
1065,1,0,1,0,0,1,0
1066,1,1,0,1,1,1,0
1067,1,0,0,1,1,0,0
1068,1,0,1,1,0,0,0
1069,1,0,0,0,0,1,0
1070,0,0,0,0,0,1,0
1071,0,1,1,1,0,0,0
1072,0,0,0,0,0,1,0
1073,1,1,1,0,0,1,1
1074,0,0,0,0,1,0,0
1075,1,1,0,0,1,0,1
1076,0,1,0,0,1,0,1
1077,0,1,1,0,0,1,1
1078,0,1,1,0,1,1,0
1079,0,0,1,1,1,1,1
1080,1,0,0,0,0,1,0
1081,1,1,0,0,1,0,1
1082,0,0,0,1,0,0,1
1083,1,1,0,1,1,1,0
1084,1,1,0,1,0,1,0
1085,0,1,1,1,0,1,0
1086,1,0,1,0,0,0,1
1087,1,1,1,0,1,1,1
1088,0,1,0,0,1,0,0
1089,0,1,0,0,0,1,1
1090,1,0,0,0,0,1,1
1091,0,0,0,0,1,1,0
1092,0,0,1,0,0,0,1
1093,0,1,1,1,1,1,1
1094,1,1,0,0,1,1,1
1095,1,1,0,1,1,0,0
1096,0,1,1,1,0,0,0
1097,1,1,0,1,0,0,1
1098,0,0,0,0,1,1,1
1099,0,0,1,1,1,1,1
1100,1,1,0,1,0,1,1
1101,0,0,1,0,0,0,1
1102,0,0,1,0,1,0,1
1103,0,1,1,0,1,1,0
1104,1,1,0,1,0,0,1
1105,0,1,1,1,0,1,1
1106,0,0,1,1,0,0,1
1107,0,1,0,1,1,0,0
1108,0,0,1,0,1,1,0
1109,1,0,0,0,0,1,1
1110,1,0,0,0,0,1,1
1111,0,1,0,0,1,0,1
1112,1,0,1,0,0,0,1
1113,0,0,0,1,0,0,1
1114,1,1,0,0,1,0,0
1115,0,1,0,1,0,1,1
1116,0,0,1,1,0,1,0
1117,0,1,0,1,0,1,0
1118,0,1,0,1,0,0,1
1119,0,1,0,1,1,0,0
1120,0,0,0,1,1,0,1
1121,1,0,1,1,1,0,0
1122,0,0,0,1,0,1,0
1123,1,0,0,1,1,0,0
1124,1,1,1,0,1,1,1
1125,1,0,0,1,0,1,0
1126,0,1,1,0,0,0,1
1127,1,0,0,1,0,1,1
1128,0,1,0,0,0,1,1
1129,1,1,0,0,0,0,0
1130,0,1,1,0,0,1,0
1131,1,1,1,0,1,0,0
1132,1,0,1,1,1,0,0
1133,0,0,1,1,1,1,0
1134,1,0,1,0,1,1,0
1135,1,0,1,0,1,1,0
1136,0,0,1,1,1,0,1
1137,0,1,1,0,1,1,1
1138,1,1,1,0,1,1,0
1139,1,0,0,1,1,0,1
1140,0,1,1,0,1,0,0
1141,1,0,1,0,0,0,0
1142,1,1,0,0,1,0,1
1143,0,0,0,1,1,0,0
1144,1,0,0,1,1,1,1
1145,1,1,1,0,1,0,1
1146,0,1,0,0,0,0,1
1147,0,0,0,0,1,1,0
1148,0,0,0,1,0,0,1
1149,0,0,1,0,1,0,0
1150,0,0,0,1,0,1,1
1151,0,1,1,0,0,1,1
1152,1,0,0,0,0,0,1
1153,0,1,1,1,1,0,1
1154,0,0,0,1,0,1,0
1155,0,0,1,0,0,1,0
1156,0,0,0,1,1,1,1
1157,0,1,0,1,0,1,0
1158,0,1,1,1,1,0,0
1159,0,0,0,0,0,0,1
1160,1,0,0,0,1,0,1
1161,1,1,1,0,1,0,1
1162,1,0,0,0,0,1,1
1163,1,0,0,1,1,1,1
1164,1,1,0,1,0,0,1
1165,1,1,1,0,1,1,1
1166,1,0,0,0,1,0,1
1167,0,0,1,0,1,0,0
1168,1,0,0,1,1,1,1
1169,1,1,0,0,0,1,0
1170,1,1,1,0,1,1,0
1171,0,0,1,0,1,1,1
1172,1,0,1,1,0,0,1
1173,1,0,0,1,0,1,1
1174,1,0,1,1,1,0,0
1175,1,1,1,1,0,1,0
1176,1,0,0,0,0,1,1
1177,0,1,1,1,1,1,0
1178,0,0,1,1,1,1,1
1179,1,1,1,0,0,1,0
1180,1,0,0,1,0,0,0
1181,1,1,0,0,1,1,1
1182,1,1,0,1,1,0,0
1183,1,1,0,0,0,1,0
1184,0,1,0,0,0,1,0
1185,1,1,1,0,1,1,0
1186,0,0,0,0,1,0,0
1187,1,1,0,0,1,1,1
1188,0,1,1,0,0,0,1
1189,0,0,0,1,0,1,1
1190,0,1,0,0,1,0,1
1191,0,0,0,1,0,0,0
1192,0,0,1,0,0,0,0
1193,0,1,0,0,1,0,0
1194,1,0,1,0,0,0,1
1195,0,1,0,1,0,0,1
1196,0,1,0,0,0,0,1
1197,1,0,0,1,1,1,0
1198,1,0,1,0,0,0,1
1199,1,0,0,1,0,1,1
1200,0,1,1,1,1,1,0
1201,1,1,1,0,1,0,0
1202,0,1,1,0,0,1,1
1203,0,0,0,0,1,1,1
1204,0,0,1,1,0,1,0
1205,0,0,0,0,0,1,0
1206,0,1,1,0,0,0,1
1207,1,0,1,1,1,1,1
1208,1,1,1,1,1,0,0
1209,1,1,0,0,0,0,0
1210,1,1,0,0,1,1,0
1211,1,0,0,0,0,1,1
1212,0,0,1,0,1,0,0
1213,1,0,1,0,1,1,0
1214,0,1,1,0,0,1,1
1215,0,1,1,1,0,1,0
1216,1,1,1,1,1,0,0
1217,1,1,1,0,0,1,0
1218,0,0,1,0,1,1,0
1219,1,1,1,1,0,1,0
1220,1,0,1,1,1,1,1
1221,1,0,1,1,0,1,1
1222,1,1,1,1,0,1,0
1223,1,1,0,1,1,1,0
1224,0,0,0,1,0,0,1
1225,0,1,1,0,1,0,1
1226,0,0,1,0,1,0,0
1227,0,1,1,0,1,0,1
1228,0,0,1,0,1,1,0
1229,1,1,1,0,1,1,1
1230,1,0,1,1,0,0,0
1231,0,0,1,1,0,1,1
1232,1,1,0,1,1,0,0
1233,1,0,0,0,0,0,0
1234,1,0,0,1,1,0,1
1235,0,0,1,1,0,0,1
1236,0,1,1,1,1,1,0
1237,1,1,0,0,0,1,1
1238,0,0,1,1,0,1,0
1239,1,0,0,1,1,0,1
1240,0,1,0,1,1,0,0
1241,1,0,1,1,1,0,0
1242,0,1,0,0,1,0,1
1243,1,1,1,0,1,0,0
1244,1,0,0,0,1,0,1
1245,1,1,0,0,0,1,0
1246,0,1,0,0,0,0,0
1247,1,1,0,1,1,1,0
1248,1,0,1,1,1,1,1
1249,1,1,1,0,1,0,1
1250,0,0,0,0,1,1,1
1251,1,1,0,1,1,1,1
1252,0,0,1,1,1,0,1
1253,1,1,1,1,1,0,1
1254,0,0,1,1,0,0,0
1255,1,1,0,0,1,0,0
1256,0,0,1,1,0,1,1
1257,0,1,1,1,1,0,1
1258,1,1,1,1,1,0,0
1259,0,1,0,1,1,1,0
1260,0,0,1,1,0,0,1
1261,0,1,0,1,1,0,1
1262,0,0,0,1,1,0,1
1263,1,0,1,1,1,1,0
1264,1,1,1,1,1,0,1
1265,0,1,1,1,0,1,0
1266,1,1,0,1,0,1,1
1267,1,0,1,1,1,1,0
1268,1,1,1,1,1,0,1
1269,1,1,1,0,0,1,1
1270,1,0,0,1,0,0,1
1271,1,0,0,1,0,0,1
1272,0,0,1,0,0,0,1
1273,1,1,0,0,0,1,1
1274,1,1,0,0,1,0,1
1275,0,1,0,0,1,0,1
1276,0,0,0,0,1,1,0
1277,0,0,0,1,1,1,1
1278,1,0,0,0,0,1,1
1279,1,1,1,1,1,0,1
1280,0,1,1,1,0,0,0
1281,1,1,0,0,0,0,1
1282,1,1,0,1,1,1,0
1283,1,0,1,1,1,0,1
1284,0,1,1,1,1,1,0
1285,0,0,1,1,0,1,1
1286,1,1,0,0,0,0,0
1287,0,1,0,0,1,0,1
1288,1,1,1,1,1,0,1
1289,1,0,0,1,0,1,0
1290,0,0,0,0,1,1,0
1291,0,1,1,0,1,0,0
1292,1,1,1,0,0,1,0
1293,0,1,0,0,1,0,0
1294,0,1,1,1,1,0,0
1295,0,1,0,0,1,0,1
1296,1,0,0,1,1,0,1
1297,0,0,1,1,0,0,0
1298,0,1,1,0,0,0,1
1299,1,0,0,0,1,1,0
1300,1,1,1,0,0,1,0
1301,1,1,0,0,1,1,1
1302,0,0,1,0,0,0,0
1303,1,1,0,0,0,1,0
1304,1,0,0,0,0,0,0
1305,0,1,1,0,0,1,1
1306,1,1,1,0,0,0,0
1307,0,1,1,0,1,0,1
1308,0,1,1,0,0,0,0
1309,0,1,1,0,1,0,0
1310,0,1,1,0,1,0,1
1311,0,1,0,0,1,1,0
1312,1,0,1,1,1,1,1
1313,1,1,0,0,0,0,0
1314,1,0,1,0,1,1,0
1315,0,1,0,0,1,1,0
1316,1,0,1,1,1,1,1
1317,1,1,1,1,0,1,1
1318,1,1,1,0,1,1,1
1319,1,0,1,0,0,0,1
1320,1,1,0,0,1,1,0
1321,0,1,1,0,0,0,0
1322,1,0,0,0,0,0,0
1323,0,0,1,1,1,0,1
1324,1,0,0,0,1,1,1
1325,0,1,0,1,0,1,0
1326,1,0,0,1,1,1,0
1327,0,1,0,1,1,1,0
1328,1,0,0,1,0,1,0
1329,1,0,1,0,1,0,0
1330,0,1,0,0,1,0,1
1331,0,1,1,0,1,0,0
1332,1,1,1,0,1,0,0
1333,0,0,1,0,0,1,0
1334,0,0,0,0,0,0,0
1335,0,0,1,1,1,1,0
1336,1,0,1,1,1,1,0
1337,0,0,1,0,0,0,1
1338,1,0,1,0,0,0,1
1339,0,1,0,0,1,0,1
1340,0,1,1,0,0,1,0
1341,1,0,0,0,1,1,1
1342,1,1,0,0,1,1,1
1343,1,1,1,0,1,0,0
1344,1,1,0,1,0,0,1
1345,1,1,0,1,1,0,0
1346,0,0,1,0,1,1,0
1347,1,0,0,1,0,1,1
1348,0,1,1,1,1,1,0
1349,0,1,1,1,0,0,0
1350,0,1,1,1,0,0,1
1351,1,1,1,1,0,0,0
1352,1,0,0,0,0,1,1
1353,0,1,1,1,1,0,1
1354,1,0,1,0,0,0,1
1355,1,1,1,1,0,0,1
1356,0,0,1,0,1,0,1
1357,0,0,0,0,0,1,0
1358,1,0,1,1,1,1,1
1359,0,0,0,0,1,1,0
1360,0,1,0,1,0,0,0
1361,1,0,1,0,0,1,0
1362,0,1,0,1,1,0,1
1363,0,1,0,0,1,1,0
1364,1,0,0,0,1,0,1
1365,1,0,1,0,1,1,1
1366,1,0,1,0,1,0,0
1367,0,1,1,1,0,0,0
1368,0,0,1,0,0,0,1
1369,1,0,0,1,0,0,1
1370,1,1,0,1,1,0,1
1371,1,0,0,0,0,1,1
1372,0,1,0,0,1,1,1
1373,1,0,1,1,0,1,1
1374,1,1,0,1,1,0,0
1375,0,0,1,1,1,0,0
1376,0,1,1,0,1,1,1
1377,0,0,1,0,1,1,1
1378,0,0,0,0,0,1,0
1379,1,0,1,0,1,0,0
1380,0,0,1,1,1,1,1
1381,0,1,1,1,0,0,0
1382,0,1,0,0,1,0,1
1383,0,0,0,0,1,0,1
1384,1,0,1,0,1,0,0
1385,0,0,1,0,1,1,1
1386,0,1,1,1,0,0,1
1387,0,1,1,0,1,0,0
1388,1,1,0,0,1,1,0
1389,1,0,0,0,1,0,0
1390,1,0,0,0,1,1,1
1391,1,1,1,0,1,1,0
1392,1,1,1,1,0,0,1
1393,0,0,0,1,1,1,1
1394,0,0,0,1,0,1,0
1395,0,1,0,1,1,1,0
1396,1,0,1,0,1,0,1
1397,1,1,0,1,0,1,1
1398,1,0,1,0,1,1,0
1399,1,1,1,1,0,0,1
1400,0,0,1,1,1,0,1
1401,1,0,1,0,0,1,1
1402,1,0,1,0,0,0,0
1403,0,0,0,1,1,0,1
1404,0,1,1,1,1,1,1
1405,1,1,0,0,1,1,0
1406,0,1,1,1,1,1,0
1407,0,1,1,0,1,0,1
1408,0,0,1,0,1,1,1
1409,0,1,0,1,0,1,1
1410,1,0,0,1,0,0,1
1411,0,1,1,0,1,1,0
1412,0,0,0,1,0,1,0
1413,0,0,1,0,1,0,0
1414,0,0,0,1,0,0,1
1415,1,1,0,1,1,0,1
1416,0,0,0,1,1,0,1
1417,1,0,1,0,1,1,0
1418,1,1,0,1,1,0,1
1419,0,1,0,1,0,1,0
1420,0,1,0,0,0,0,1
1421,0,1,1,1,0,0,0
1422,0,0,0,1,0,0,0
1423,0,1,1,1,1,0,1
1424,0,1,1,0,1,0,0
1425,1,0,1,1,1,0,0
1426,0,1,0,1,0,1,1
1427,1,0,1,1,0,1,0
1428,1,0,1,1,0,1,1
1429,1,1,1,0,0,0,0
1430,0,1,0,1,0,1,1
1431,1,0,1,0,1,0,1
1432,1,1,0,1,1,1,0
1433,0,1,1,0,0,1,1
1434,1,0,1,0,0,1,1
1435,0,0,0,1,1,1,0
1436,0,1,1,1,0,1,1
1437,0,1,0,0,1,0,1
1438,1,1,0,0,1,0,1
1439,1,0,0,1,0,0,1
1440,1,1,1,0,0,0,0
1441,0,0,0,1,1,1,0
1442,0,1,0,1,0,1,1
1443,0,1,1,1,0,0,1
1444,0,1,0,1,1,0,1
1445,0,1,0,0,0,1,1
1446,0,0,0,0,0,0,0
1447,0,1,1,0,0,1,1
1448,1,0,1,0,0,0,0
1449,1,1,1,1,1,1,1
1450,1,0,0,1,1,0,1
1451,1,1,0,0,1,1,1
1452,1,1,0,0,0,1,0
1453,1,1,1,0,0,0,1
1454,0,0,1,0,0,0,1
1455,1,1,1,0,1,0,1
1456,1,1,1,0,1,1,1
1457,1,1,0,0,1,0,0
1458,0,1,1,1,1,0,0
1459,0,0,1,1,1,1,0
1460,0,0,1,1,1,0,0
1461,1,1,1,1,1,1,0
1462,1,1,1,1,1,1,0
1463,0,1,0,1,1,0,0
1464,1,1,0,0,0,0,1
1465,1,0,0,1,1,1,0
1466,0,1,1,1,0,0,1
1467,1,1,0,1,0,1,0
1468,1,1,1,0,0,0,1
1469,1,1,1,1,0,0,0
1470,0,1,1,1,0,0,0
1471,0,1,1,0,1,0,1
1472,1,0,1,0,0,1,1
1473,0,1,1,0,1,1,1
1474,0,1,1,1,1,0,0
1475,1,1,0,0,1,0,0
1476,0,0,1,0,1,1,1
1477,0,0,1,0,1,1,0
1478,1,1,0,1,1,0,0
1479,0,1,0,1,1,0,1
1480,1,0,0,1,0,1,0
1481,1,1,1,0,0,0,0
1482,0,0,1,1,0,0,1
1483,0,1,1,0,0,0,0
1484,1,0,1,0,0,0,0
1485,0,0,1,0,0,0,1
1486,0,0,1,1,0,1,0
1487,0,0,1,1,0,0,0
1488,1,0,0,0,1,0,0
1489,1,1,0,1,1,0,1
1490,0,0,1,1,0,1,1
1491,0,1,1,0,1,1,0
1492,1,0,1,1,0,0,1
1493,0,1,1,0,1,1,1
1494,1,1,0,1,1,1,1
1495,0,1,0,1,1,1,0
1496,1,0,0,0,1,1,0
1497,0,1,1,1,1,1,0
1498,1,1,0,1,1,1,0
1499,0,0,1,1,0,1,1
1500,0,1,0,0,0,0,1
1501,1,1,1,0,1,1,1
1502,1,0,0,0,1,0,1
1503,0,1,0,0,1,0,1
1504,1,1,1,1,0,0,0
1505,0,0,0,0,1,1,1
1506,0,1,1,1,0,1,0
1507,0,0,1,1,0,1,0
1508,1,0,1,0,0,0,0
1509,1,0,1,1,1,1,1
1510,0,1,0,0,1,0,0
1511,0,0,0,1,1,0,0
1512,1,1,1,1,0,0,0
1513,0,0,1,1,1,1,0
1514,1,0,0,1,0,1,0
1515,1,1,1,1,0,0,0
1516,0,1,0,1,1,0,1
1517,1,1,0,1,1,0,0
1518,0,0,1,1,1,0,1
1519,0,1,0,1,1,1,1
1520,0,1,0,1,1,0,1
1521,0,1,1,1,0,1,1
1522,0,1,0,1,0,0,1
1523,0,1,0,0,1,0,0
1524,1,0,1,1,0,1,0
1525,1,1,0,1,0,1,0
1526,0,1,1,0,0,1,0
1527,0,0,0,1,1,0,1
1528,0,0,0,0,0,0,1
1529,1,0,0,1,0,1,1
1530,0,0,0,1,0,1,0
1531,0,1,1,1,1,0,1
1532,0,0,1,1,0,0,1
1533,0,1,1,0,1,0,1
1534,1,0,1,1,0,1,0
1535,1,0,0,0,1,1,0
1536,1,1,1,0,1,0,0
1537,0,1,1,1,1,1,0
1538,0,1,1,1,1,1,1
1539,0,1,0,0,0,1,0
1540,0,0,0,0,0,1,1
1541,0,0,0,1,1,1,1
1542,0,1,0,0,1,1,1
1543,1,0,0,1,1,0,0
1544,0,0,0,1,0,0,0
1545,1,0,0,1,1,0,0
1546,1,0,0,0,1,1,1
1547,0,1,1,1,0,0,0
1548,0,0,1,1,1,1,1
1549,0,1,0,1,1,1,0
1550,0,0,0,0,0,0,0
1551,1,1,1,0,1,1,1
1552,1,0,0,1,0,0,1
1553,1,0,1,1,1,0,1
1554,1,0,1,0,1,0,1
1555,0,0,1,1,1,0,1
1556,1,1,1,1,1,1,1
1557,1,0,1,1,0,0,1
1558,0,1,0,0,1,1,0
1559,0,0,0,1,0,1,1
1560,1,0,0,1,0,1,1
1561,1,1,1,0,0,0,1
1562,0,0,0,0,1,1,1
1563,1,0,1,1,1,1,1
1564,1,1,0,0,1,1,1
1565,0,0,0,1,0,0,0
1566,0,0,1,0,0,0,1
1567,0,0,1,0,1,1,0
1568,1,0,1,0,0,1,0
1569,1,1,0,0,0,0,1
1570,1,1,1,1,0,1,1
1571,0,0,0,1,0,0,0
1572,0,0,1,0,1,1,1
1573,0,0,0,0,1,0,0
1574,0,1,1,1,1,1,0
1575,0,1,0,0,0,1,0
1576,0,0,0,0,0,0,0
1577,0,0,0,0,0,0,1
1578,0,0,0,1,0,0,0
1579,0,0,1,1,0,1,0
1580,1,0,1,1,1,1,0
1581,0,0,0,1,0,0,1
1582,1,1,1,0,1,1,1
1583,0,1,0,1,1,1,0
1584,0,0,1,1,1,0,0
1585,1,1,0,0,0,1,1
1586,1,1,1,0,1,1,0
1587,0,1,1,1,1,0,0
1588,0,0,0,1,0,1,0
1589,1,0,1,0,0,0,1
1590,0,1,0,0,0,1,1
1591,1,0,0,0,1,0,0
1592,1,1,0,0,1,0,1
1593,0,1,1,0,1,0,0
1594,0,0,0,0,1,1,1
1595,0,1,1,1,0,1,1
1596,1,0,1,0,1,0,0
1597,1,1,0,0,1,0,1
1598,0,0,1,0,1,1,1
1599,0,1,0,0,1,1,1
1600,0,0,1,1,1,1,1
1601,1,1,0,0,0,1,0
1602,0,1,1,1,0,0,0
1603,0,0,0,1,0,0,0
1604,0,0,0,0,1,0,1
1605,1,1,1,1,0,1,0
1606,0,1,0,1,0,0,0
1607,0,1,0,1,1,1,1
1608,0,1,0,1,1,0,0
1609,1,0,1,0,0,0,1
1610,0,1,0,0,1,0,1
1611,1,0,1,1,1,1,0
1612,1,1,0,0,1,1,1
1613,0,0,1,1,0,1,0
1614,1,1,1,0,1,0,0
1615,1,1,1,0,0,1,1
1616,0,1,1,0,1,0,1
1617,0,1,1,0,0,1,0
1618,0,1,1,1,1,0,0
1619,1,1,0,1,1,1,0
1620,0,1,0,0,0,0,1
1621,1,1,0,1,0,1,1
1622,1,1,0,1,1,1,0
1623,1,0,1,1,0,1,0
1624,1,1,1,1,1,0,0
1625,1,1,0,0,0,1,0
1626,0,0,1,1,1,0,1
1627,1,0,0,1,1,1,1
1628,1,0,1,0,0,1,1
1629,0,1,0,0,1,1,0
1630,0,1,1,1,0,1,0
1631,1,0,0,1,0,1,0
1632,1,1,0,0,0,1,1
1633,1,1,1,0,1,1,1
1634,0,1,0,1,0,0,1
1635,1,0,1,0,0,1,0
1636,1,0,1,1,1,0,1
1637,1,1,1,1,0,0,1
1638,0,1,1,1,1,0,1
1639,1,0,0,1,1,0,0
1640,0,0,0,1,0,1,1
1641,0,1,0,1,0,0,0
1642,1,0,0,0,1,1,1
1643,1,0,1,1,1,0,1
1644,0,0,1,1,1,0,0
1645,1,1,0,0,1,1,0
1646,1,0,1,0,0,0,1
1647,0,0,0,0,1,1,0
1648,1,0,0,1,1,0,0
1649,0,0,0,1,1,1,0
1650,0,1,1,0,0,0,1
1651,0,1,1,1,1,1,0
1652,0,0,0,1,0,0,1
1653,0,0,1,0,0,1,1
1654,1,1,0,0,1,1,0
1655,1,0,1,1,0,1,0
1656,0,1,1,1,1,1,0
1657,0,0,0,1,0,0,0
1658,1,0,1,0,1,0,0
1659,1,1,0,0,0,0,1
1660,1,1,1,0,0,1,0
1661,1,1,0,1,1,1,0
1662,0,0,1,1,0,0,0
1663,0,1,1,0,0,1,0
1664,0,0,0,0,0,0,0
1665,1,0,0,0,1,1,1
1666,0,0,0,1,0,0,0
1667,1,1,0,0,1,0,1
1668,1,1,1,0,1,0,0
1669,1,0,0,0,1,0,1
1670,0,0,0,1,0,0,0
1671,1,1,1,1,1,0,1
1672,1,1,0,0,1,0,0
1673,1,0,0,1,0,0,0
1674,0,0,1,0,0,0,0
1675,0,0,0,1,0,0,0
1676,0,1,0,1,0,0,0
1677,1,1,0,0,1,0,0
1678,0,1,0,0,1,0,1
1679,0,1,0,0,1,0,1
1680,0,1,1,0,0,0,0
1681,0,0,1,0,1,1,0
1682,1,0,0,0,1,0,1
1683,0,0,0,1,0,0,1
1684,1,0,1,1,1,0,0
1685,1,0,0,1,1,0,1
1686,0,1,1,0,1,0,1
1687,1,1,0,1,1,1,0
1688,1,0,0,0,0,1,1
1689,0,0,0,0,1,0,1
1690,0,0,1,1,0,0,0
1691,0,0,0,1,0,1,0
1692,1,0,1,0,0,1,0
1693,0,0,1,1,1,1,1
1694,1,0,1,0,0,0,0
1695,1,1,0,1,0,0,0
1696,0,1,1,1,0,1,0
1697,1,1,1,1,0,1,1
1698,0,1,1,0,0,1,1
1699,1,1,1,1,1,0,0
1700,0,0,1,1,1,0,0
1701,1,0,0,1,0,0,0
1702,0,1,0,1,1,0,1
1703,0,0,1,0,1,1,0
1704,0,1,0,0,0,1,1
1705,0,0,1,0,0,0,1
1706,1,1,1,1,1,1,0
1707,0,1,0,1,1,0,0
1708,1,1,0,1,0,1,0
1709,0,1,0,1,1,1,0
1710,0,1,1,1,1,1,1
1711,0,1,0,0,0,1,0
1712,0,1,0,1,0,0,1
1713,1,1,0,1,1,0,1
1714,1,1,1,1,0,1,0
1715,0,0,1,0,1,0,0
1716,1,0,1,1,1,0,1
1717,0,0,1,0,0,0,0
1718,0,1,0,1,0,0,1
1719,1,1,0,0,1,1,1
1720,1,1,0,1,1,1,1
1721,0,0,0,1,0,1,0
1722,1,0,0,1,0,0,1
1723,0,1,1,1,1,0,0
1724,1,1,1,1,1,1,1
1725,0,0,1,0,0,0,1
1726,0,1,1,1,1,1,1
1727,0,1,1,1,1,1,1
1728,0,0,1,1,1,0,1
1729,0,0,1,0,1,0,0
1730,0,1,0,1,1,0,0
1731,1,1,0,0,1,1,1
1732,1,1,1,0,0,0,1
1733,0,1,1,1,0,0,0
1734,0,0,1,0,1,0,1
1735,0,0,1,1,0,1,0
1736,0,0,0,0,1,1,1
1737,1,1,1,0,0,0,1
1738,1,0,0,1,1,0,1
1739,0,0,0,1,1,1,1
1740,1,1,0,0,1,0,1
1741,1,1,1,1,0,0,0
1742,0,0,1,1,1,1,0
1743,0,0,0,0,1,1,0
1744,0,1,1,1,0,1,1
1745,0,1,0,1,0,0,0
1746,0,0,0,1,1,1,0
1747,1,1,1,0,0,0,0
1748,0,1,1,1,0,1,0
1749,0,0,0,0,1,0,1
1750,0,1,1,1,0,0,0
1751,0,0,0,0,0,1,0
1752,0,0,1,0,0,0,1
1753,1,0,1,0,0,0,1
1754,1,1,0,1,1,1,0
1755,1,1,1,0,1,1,0
1756,0,0,1,0,1,1,1
1757,1,0,0,1,1,1,1
1758,0,1,1,1,0,0,0
1759,0,1,1,0,0,1,0
1760,1,0,0,0,0,0,0
1761,0,0,1,0,0,0,0
1762,1,0,1,0,1,1,0
1763,0,1,1,1,0,0,1
1764,0,1,0,1,0,1,0
1765,0,1,1,0,1,0,1
1766,1,1,0,0,1,0,0
1767,0,0,0,1,1,1,1
1768,1,0,0,0,0,1,1
1769,0,0,1,1,0,0,0
1770,1,0,1,0,0,1,1
1771,1,1,1,1,1,1,1
1772,1,0,1,1,1,0,1
1773,1,0,0,1,1,1,0
1774,0,0,1,0,1,1,1
1775,1,0,0,1,1,1,0
1776,1,0,1,0,1,0,0
1777,0,1,0,0,1,0,1
1778,0,1,1,0,0,1,0
1779,0,1,0,0,0,0,1
1780,0,0,1,0,1,0,1
1781,0,1,0,0,1,1,0
1782,0,0,1,0,1,1,1
1783,0,0,1,0,1,1,1
1784,1,0,0,1,1,1,1
1785,1,1,1,1,1,0,0
1786,0,0,1,0,1,0,0
1787,0,0,0,1,1,1,0
1788,1,1,0,0,1,0,1
1789,1,1,1,0,1,0,0
1790,0,1,0,0,1,1,1
1791,0,0,0,0,1,0,1
1792,1,0,0,0,0,0,1
1793,1,1,1,1,0,0,1
1794,1,0,1,1,1,0,0
1795,1,0,0,1,1,1,0
1796,0,0,1,0,1,0,1
1797,1,0,0,0,0,1,0
1798,1,0,1,0,0,0,1
1799,0,0,1,1,1,1,0
1800,1,1,1,1,0,1,0
1801,1,1,0,1,0,0,0
1802,1,1,0,0,0,1,1
1803,1,1,1,0,1,0,0
1804,1,0,1,0,0,1,1
1805,0,1,1,0,1,1,0
1806,0,0,0,1,1,0,0
1807,0,0,1,1,1,0,1
1808,1,0,0,0,1,1,1
1809,0,1,1,0,1,1,1
1810,0,1,0,0,1,0,1
1811,1,0,1,1,1,1,1
1812,0,1,0,1,0,0,0
1813,1,0,1,0,1,0,0
1814,1,0,0,0,1,0,1
1815,0,0,0,1,1,0,0
1816,1,0,1,0,1,0,1
1817,0,1,1,0,1,0,0
1818,0,1,1,1,0,1,1
1819,1,0,0,0,0,0,0
1820,0,1,0,0,1,0,0
1821,0,1,0,1,1,0,1
1822,1,0,0,1,0,1,1
1823,0,1,1,0,0,0,0
1824,0,1,0,0,0,1,1
1825,0,0,1,1,1,1,0
1826,1,1,0,0,1,1,0
1827,0,1,1,0,0,1,1
1828,1,1,0,1,0,0,0
1829,0,1,0,1,0,1,1
1830,1,1,1,1,0,1,1
1831,0,0,1,0,0,1,0
1832,1,1,0,0,1,1,0
1833,0,0,1,0,1,0,1
1834,0,1,1,0,1,0,0
1835,0,1,1,0,1,1,1
1836,1,0,1,1,0,0,0
1837,0,1,1,0,0,0,1
1838,1,0,0,1,1,1,1
1839,1,1,1,1,1,0,1
1840,0,0,1,0,1,1,1
1841,1,1,1,1,0,1,0
1842,0,1,0,1,0,0,1
1843,0,0,1,0,0,0,0
1844,1,0,0,0,1,0,1
1845,1,0,0,0,0,0,0
1846,0,1,0,0,1,0,0
1847,0,0,0,0,0,1,1
1848,0,1,0,1,0,0,1
1849,1,1,0,0,0,0,0
1850,1,0,1,1,0,0,0
1851,0,1,1,0,1,1,0
1852,0,0,0,0,1,1,0
1853,1,1,1,1,1,1,0
1854,0,1,1,0,1,0,1
1855,1,1,1,0,1,1,0
1856,0,0,0,1,1,0,1
1857,0,1,0,1,1,1,1
1858,1,1,0,0,0,0,1
1859,1,1,0,1,1,1,0
1860,1,1,0,0,0,1,1
1861,1,1,0,1,0,1,1
1862,0,1,0,0,0,1,0
1863,0,0,0,0,0,1,1
1864,0,0,1,0,0,1,1
1865,1,0,1,1,0,0,1
1866,0,0,1,0,0,1,1
1867,1,0,0,0,1,1,1
1868,1,1,0,1,0,0,0
1869,1,1,1,1,0,0,1
1870,0,1,0,0,0,1,1
1871,1,0,1,1,1,1,0
1872,1,0,1,0,1,1,1
1873,0,1,0,0,1,1,0
1874,1,1,1,0,0,0,1
1875,0,0,1,1,1,1,0
1876,1,1,0,1,0,0,1
1877,0,0,1,0,1,0,1
1878,0,1,1,1,1,1,0
1879,0,0,1,1,1,0,1
1880,1,1,1,1,0,1,0
1881,1,1,0,0,1,0,1
1882,1,0,0,1,0,1,0
1883,0,0,1,1,1,0,0
1884,1,0,1,1,1,0,0
1885,1,1,0,1,1,0,1
1886,1,1,1,0,1,0,0
1887,0,0,1,1,0,0,0
1888,0,0,1,1,1,1,1
1889,0,1,1,1,1,0,0
1890,0,1,0,1,0,1,0
1891,1,1,1,1,0,1,1
1892,1,0,0,0,0,1,1
1893,0,0,0,1,1,0,0
1894,0,1,0,0,1,0,0
1895,0,1,0,1,0,0,0
1896,1,1,0,0,1,1,0
1897,1,0,0,1,1,1,1
1898,0,1,1,1,0,0,1
1899,0,1,1,1,1,0,0
1900,1,1,1,1,0,0,0
1901,1,0,1,0,1,0,0
1902,0,1,0,1,1,0,0
1903,1,1,1,0,1,1,1
1904,1,1,1,0,0,1,1
1905,0,0,1,1,0,1,0
1906,1,1,0,0,1,1,0
1907,0,0,1,0,0,1,1
1908,1,1,1,0,0,0,1
1909,1,0,1,0,0,1,1
1910,1,0,0,1,1,0,1
1911,1,0,0,0,0,0,1
1912,0,1,1,1,0,0,1
1913,0,0,1,0,1,1,1
1914,0,0,0,1,1,1,0
1915,1,1,0,0,1,1,1
1916,0,1,0,1,1,0,1
1917,0,1,0,0,1,0,1
1918,1,1,1,0,0,1,1
1919,0,1,1,1,1,0,1
1920,1,0,1,0,0,1,1
1921,1,0,1,1,0,0,0
1922,0,0,1,0,0,1,1
1923,1,1,0,1,1,1,0
1924,0,1,1,1,1,0,0
1925,0,1,0,0,1,0,1
1926,1,0,0,1,0,1,0
1927,0,0,1,1,0,1,0
1928,1,0,0,0,1,1,0
1929,0,1,0,1,0,0,1
1930,0,0,0,1,0,1,0
1931,0,1,0,1,1,0,0
1932,1,1,0,0,1,1,1
1933,0,0,0,0,1,0,0
1934,1,1,0,1,1,1,0
1935,0,1,0,1,0,0,1
1936,1,1,0,1,0,0,0
1937,1,0,1,1,0,0,1
1938,1,0,1,0,0,0,1
1939,1,0,1,0,1,0,0
1940,1,1,0,1,1,1,0
1941,0,1,0,0,0,0,1
1942,1,1,1,1,1,0,1
1943,0,1,0,1,1,0,1
1944,1,1,0,1,1,0,1
1945,1,1,0,1,1,1,1
1946,0,1,0,1,1,0,1
1947,0,1,1,0,1,0,0
1948,0,0,0,0,1,0,1
1949,0,1,0,1,0,1,0
1950,0,1,1,0,0,0,0
1951,0,1,0,1,1,0,0
1952,0,0,0,0,1,1,0
1953,1,1,1,1,1,1,1
1954,0,0,1,0,1,1,0
1955,0,0,1,1,0,1,0
1956,1,0,1,1,0,0,1
1957,0,0,0,0,1,0,1
1958,0,0,0,1,1,1,0
1959,0,0,0,1,1,1,0
1960,1,0,0,0,0,1,0
1961,1,1,1,1,0,0,0
1962,0,1,1,1,1,0,1
1963,1,0,0,0,0,0,1
1964,1,0,0,0,1,0,0
1965,1,0,0,0,1,0,1
1966,1,1,1,1,0,0,0
1967,1,1,0,0,0,0,1
1968,0,0,1,1,1,1,1
1969,1,0,0,1,1,1,0
1970,0,1,0,1,1,1,1
1971,0,1,1,0,1,1,1
1972,0,0,1,0,1,0,1
1973,1,0,1,0,0,0,1
1974,0,0,0,0,1,0,1
1975,1,1,0,0,1,0,1
1976,1,1,0,0,1,0,0
1977,1,0,1,1,0,0,1
1978,1,0,0,0,0,0,0
1979,0,1,0,0,0,1,1
1980,1,0,1,0,1,0,0
1981,0,0,0,0,1,1,1
1982,0,0,0,0,1,1,0
1983,0,1,0,0,1,0,0
1984,0,0,0,1,1,0,0
1985,1,1,0,0,0,0,0
1986,0,1,1,1,0,0,0
1987,1,0,1,0,0,0,0
1988,1,1,0,1,1,1,1
1989,0,0,1,0,1,0,1
1990,0,1,0,0,0,1,0
1991,0,1,1,1,1,0,1
1992,1,1,1,0,0,1,1
1993,1,0,0,1,0,1,0
1994,1,1,0,1,0,0,0
1995,0,0,0,0,1,0,0
1996,1,0,1,1,1,1,1
1997,1,0,0,0,1,0,0
1998,1,0,1,1,0,0,0
1999,0,1,0,1,0,0,0
2000,0,0,1,0,0,1,0
2001,0,0,1,1,1,1,1
2002,1,0,1,1,0,1,0
2003,0,0,0,0,1,1,0
2004,0,0,1,0,1,1,1
2005,0,1,1,0,1,1,1
2006,0,0,1,1,1,1,0
2007,0,0,1,0,1,0,1
2008,0,1,1,0,0,1,1
2009,0,1,0,1,1,1,0
2010,0,0,0,1,0,0,1
2011,1,1,1,1,0,0,0
2012,0,1,1,1,1,1,1
2013,1,1,0,0,1,1,0
2014,1,1,1,1,1,0,1
2015,0,1,0,0,1,0,0
2016,0,0,0,1,1,1,1
2017,0,1,0,0,0,1,0
2018,0,1,0,0,1,1,1
2019,1,0,1,1,1,0,0
2020,0,1,1,1,1,0,1
2021,0,0,0,1,1,1,0
2022,0,0,0,1,1,1,0
2023,1,1,0,0,0,0,0
2024,0,1,0,1,0,0,1
2025,1,1,0,1,0,1,1
2026,1,1,0,1,0,0,0
2027,0,0,0,0,1,1,1
2028,0,1,1,0,0,0,1
2029,0,0,1,1,0,1,0
2030,0,0,1,0,1,1,1
2031,0,1,0,1,1,0,0
2032,1,0,0,0,0,1,0
2033,0,0,0,0,1,0,0
2034,0,0,0,0,0,0,0
2035,1,1,1,0,0,1,1
2036,1,1,0,0,0,1,1
2037,1,1,1,0,0,1,0
2038,0,1,1,0,0,1,1
2039,0,1,1,1,0,1,0
2040,0,0,1,1,1,1,1
2041,0,1,0,1,1,1,0
2042,1,0,1,1,1,1,1
2043,1,0,1,1,1,1,1
2044,0,0,1,0,0,0,1
2045,0,1,0,0,1,1,1
2046,1,1,0,1,1,1,1
2047,1,0,0,0,0,1,0
2048,0,1,0,0,1,0,0
2049,1,1,0,1,0,0,1
2050,0,0,1,0,1,0,0
2051,1,0,0,1,1,0,1
2052,0,0,0,0,0,1,0
2053,0,0,1,0,0,1,1
2054,0,1,0,1,0,0,0
2055,0,0,0,1,1,1,0
2056,1,0,0,1,1,1,0
2057,0,0,1,1,1,0,1
2058,1,1,1,0,0,0,1
2059,1,0,0,0,1,1,1
2060,0,0,0,1,1,0,0
2061,0,0,1,0,1,1,1
2062,0,1,1,0,1,1,0
2063,0,1,0,1,0,1,1
2064,1,1,0,0,0,0,1
2065,1,1,0,1,1,1,1
2066,0,0,1,1,0,0,0
2067,1,0,1,0,0,1,1
2068,0,1,0,1,1,0,1
2069,0,0,1,0,0,0,0
2070,1,1,0,0,1,0,0
2071,1,0,1,0,1,0,0
2072,0,1,1,1,1,0,0
2073,1,0,0,1,0,1,0
2074,1,1,0,1,1,1,1
2075,0,1,0,0,1,0,0
2076,1,1,1,0,0,0,1
2077,0,1,1,1,0,0,1
2078,0,1,1,1,1,1,0
2079,0,0,0,1,0,1,0
2080,1,1,0,0,1,1,1
2081,1,1,1,0,1,1,1
2082,1,0,0,1,0,1,1
2083,0,0,0,0,1,1,0
2084,1,0,0,1,0,1,1
2085,0,1,0,1,1,0,0
2086,1,1,0,1,1,0,0
2087,0,0,0,1,1,1,1
2088,0,1,1,1,1,0,0
2089,0,0,1,1,1,1,1
2090,0,1,1,0,0,1,0
2091,0,0,1,1,0,0,0
2092,1,1,1,1,0,1,1
2093,1,0,0,0,1,0,0
2094,0,0,1,1,1,1,0
2095,1,1,1,1,0,1,1
2096,1,0,1,1,0,1,1
2097,1,1,1,1,1,1,0
2098,1,1,0,1,1,0,1
2099,1,1,1,1,1,0,0
2100,0,0,1,0,0,1,0
2101,0,1,0,0,1,1,1
2102,0,0,1,1,1,0,1
2103,1,0,1,0,0,0,1
2104,1,0,0,1,0,1,0
2105,1,1,0,1,0,1,1
2106,1,1,1,1,1,0,0
2107,0,1,1,1,0,0,0
2108,1,0,1,0,1,0,0
2109,0,0,1,0,0,0,0
2110,0,1,1,1,1,0,1
2111,1,1,0,1,1,1,1
2112,1,1,0,0,0,0,0
2113,0,0,0,1,1,1,1
2114,1,0,0,0,1,0,1
2115,0,1,1,1,1,0,1
2116,0,1,1,0,1,0,1
2117,1,0,0,0,1,0,1
2118,1,1,0,0,1,0,1
2119,0,1,1,0,0,1,0
2120,0,0,1,0,1,0,1
2121,1,0,1,0,1,1,0
2122,1,1,0,1,1,1,1
2123,0,0,0,0,0,1,0
2124,0,0,0,1,0,1,1
2125,1,1,1,0,0,0,0
2126,1,1,0,1,1,0,1
2127,1,0,0,1,0,0,1
2128,1,0,1,1,0,1,0
2129,0,1,1,0,1,1,0
2130,1,0,0,1,1,0,0
2131,0,0,1,0,0,0,0
2132,1,0,0,0,0,1,1
2133,0,1,1,1,0,0,0
2134,0,1,1,0,0,1,0
2135,1,1,1,0,0,1,0
2136,0,1,0,0,1,1,1
2137,0,0,0,0,0,0,1
2138,1,0,1,1,0,0,1
2139,1,1,1,0,1,1,1
2140,0,1,0,1,1,0,0
2141,1,1,1,1,1,1,0
2142,0,1,0,0,1,0,0
2143,0,0,1,1,0,1,1
2144,0,0,1,1,1,0,0
2145,0,1,1,1,0,0,1
2146,0,0,1,0,0,1,0
2147,1,0,1,1,0,1,0
2148,1,1,1,0,0,0,0
2149,0,0,0,1,0,1,0
2150,0,1,0,0,1,1,1
2151,0,1,0,0,0,1,1
2152,1,1,1,0,1,0,0
2153,1,1,0,0,0,0,1
2154,0,0,1,0,1,1,0
2155,1,0,0,0,0,1,0
2156,1,0,0,1,0,1,1
2157,0,1,0,0,0,0,0
2158,1,1,0,1,1,1,0
2159,1,1,0,1,0,1,1
2160,1,1,1,1,0,0,1
2161,1,0,0,0,1,1,0
2162,0,1,1,0,0,1,0
2163,1,1,0,1,1,0,0
2164,1,0,0,1,0,0,1
2165,0,0,1,0,0,0,1
2166,1,0,0,0,1,0,0
2167,0,0,1,1,0,0,0
2168,1,1,0,1,0,1,0
2169,0,1,1,0,0,0,1
2170,1,0,0,1,0,1,1
2171,1,1,0,0,1,0,0
2172,1,0,1,0,0,1,1
2173,0,0,1,1,1,0,1
2174,1,0,1,0,1,0,1
2175,1,0,1,0,0,1,1
2176,1,1,1,0,0,1,1
2177,1,1,1,0,0,0,0
2178,0,1,0,1,1,0,1
2179,0,0,0,0,0,0,0
2180,1,0,1,1,0,1,1
2181,1,1,1,0,0,1,1
2182,1,0,1,1,1,1,0
2183,0,0,0,1,1,1,0
2184,0,0,1,0,0,0,1
2185,1,0,0,0,0,1,1
2186,0,1,0,1,0,0,1
2187,1,0,1,1,0,0,1
2188,1,0,1,1,1,1,0
2189,1,0,1,1,1,0,1
2190,1,0,1,1,0,0,1
2191,1,1,0,1,0,0,1
2192,0,1,1,1,1,0,0
2193,0,0,1,1,1,0,0
2194,1,1,1,0,1,1,0
2195,0,0,0,0,1,0,1
2196,1,0,1,1,0,0,1
2197,1,0,1,1,0,0,1
2198,0,0,0,1,0,1,1
2199,0,0,1,0,0,1,0
2200,0,0,1,0,0,1,1
2201,1,1,0,1,0,0,1
2202,1,0,0,0,1,0,1
2203,0,1,1,1,1,0,0
2204,1,1,0,1,0,1,1
2205,0,1,1,1,0,0,0
2206,0,1,0,1,0,1,1
2207,1,1,1,0,1,1,0
2208,1,0,1,0,0,1,0
2209,0,0,1,0,1,1,1
2210,0,0,0,1,0,0,1
2211,0,1,1,0,1,1,1
2212,0,0,1,0,0,0,0
2213,1,0,1,0,1,1,1
2214,1,1,0,0,1,0,0
2215,0,1,1,0,0,1,1
2216,0,0,1,0,0,1,0
2217,0,0,0,0,1,0,0
2218,0,1,1,1,0,1,1
2219,1,0,0,1,1,0,1
2220,1,1,1,1,0,1,1
2221,0,1,1,0,0,0,0
2222,0,1,0,1,0,0,1
2223,1,0,0,0,0,0,0
2224,1,0,0,1,1,1,0
2225,0,0,1,0,0,0,0
2226,1,0,0,1,0,0,0
2227,1,1,1,0,0,0,0
2228,1,1,0,0,1,1,0
2229,0,0,1,0,0,1,0
2230,0,0,0,1,0,1,0
2231,0,1,0,1,1,0,0
2232,1,1,1,1,1,0,1
2233,0,0,0,1,1,1,1
2234,1,1,0,1,1,1,1
2235,0,1,0,1,1,1,0
2236,1,0,0,1,0,1,0
2237,0,1,0,0,1,1,1
2238,0,0,0,0,1,1,1
2239,1,0,0,1,1,1,1
2240,1,0,1,1,1,0,0
2241,1,0,0,1,0,1,0
2242,0,1,0,0,0,0,1
2243,0,1,0,1,0,0,1
2244,1,0,1,1,1,1,0
2245,0,0,0,1,1,1,0
2246,1,1,0,0,0,1,0
2247,1,1,1,0,0,0,0
2248,0,0,1,0,1,0,0
2249,0,1,0,0,1,0,1
2250,1,1,1,0,0,1,1
2251,1,1,1,0,0,1,1
2252,1,0,0,0,0,1,0
2253,0,0,1,1,1,1,1
2254,0,1,1,0,0,0,1
2255,0,0,0,0,1,1,1
2256,1,1,0,0,0,1,1
2257,1,0,1,0,0,0,0
2258,0,1,1,0,1,0,1
2259,1,1,1,0,1,1,0
2260,0,0,1,0,1,1,1
2261,0,1,0,0,1,0,0
2262,0,1,0,1,1,1,1
2263,0,0,0,1,1,0,0
2264,1,1,0,1,0,1,0
2265,0,1,1,1,1,0,0
2266,0,0,0,0,0,0,0
2267,1,0,1,1,0,1,0
2268,1,1,1,1,0,1,1
2269,0,1,0,0,1,0,0
2270,0,0,0,0,0,0,1
2271,0,1,1,0,1,1,0
2272,1,1,0,1,1,0,1
2273,0,0,1,0,1,1,1
2274,1,0,0,1,0,1,1
2275,0,1,1,0,1,1,0
2276,0,1,1,1,0,0,0
2277,1,0,1,1,0,1,0
2278,0,0,1,1,0,1,0
2279,1,0,1,1,0,1,1
2280,0,0,0,0,0,1,0
2281,1,0,0,1,1,0,0
2282,0,0,1,1,1,1,1
2283,1,1,1,0,1,1,1
2284,0,1,1,0,1,1,1
2285,0,1,1,0,0,1,0
2286,1,1,0,1,0,0,1
2287,0,0,1,0,0,0,1
2288,0,0,0,1,0,0,0
2289,0,1,0,1,0,0,0
2290,1,0,0,0,0,1,1
2291,0,0,1,0,0,1,0
2292,1,1,0,0,0,0,1
2293,0,1,1,1,0,1,0
2294,1,0,1,0,0,1,1
2295,0,1,1,0,1,1,0
2296,0,0,0,0,1,1,0
2297,1,1,1,1,1,1,0
2298,0,1,0,0,0,0,0
2299,0,0,0,1,0,1,0
2300,1,0,0,0,1,0,0
2301,1,1,1,0,0,0,0
2302,0,1,1,1,0,0,1
2303,1,0,1,1,0,1,0
2304,0,0,0,1,1,0,1
2305,1,1,0,0,0,1,0
2306,1,0,1,1,0,1,0
2307,1,1,0,0,0,1,1
2308,0,0,0,1,1,1,1
2309,1,1,0,0,0,0,1
2310,0,1,1,1,1,0,1
2311,0,1,0,1,1,1,0
2312,1,1,0,1,0,1,0
2313,1,0,1,0,1,0,0
2314,1,0,1,1,1,1,1
2315,0,1,1,0,0,0,0
2316,0,1,1,0,1,1,0
2317,0,1,0,0,1,1,1
2318,0,1,1,1,0,0,0
2319,1,0,1,1,0,1,1
2320,0,1,1,1,0,1,1
2321,0,1,0,0,1,0,1
2322,0,1,0,0,0,1,0
2323,1,0,1,1,0,1,1
2324,0,1,1,0,0,0,1
2325,0,1,0,1,1,0,0
2326,1,1,0,1,1,1,1
2327,0,0,0,1,1,1,0
2328,0,0,0,1,0,0,0
2329,0,0,0,0,1,0,1
2330,1,1,0,0,1,0,1
2331,1,0,0,0,0,0,0
2332,1,1,0,1,0,0,0
2333,0,1,0,1,1,1,0
2334,0,1,0,1,0,0,1
2335,1,1,0,1,1,1,1
2336,0,1,0,0,1,0,0
2337,1,1,0,1,1,1,0
2338,0,1,1,1,1,1,0
2339,1,1,0,0,1,0,1
2340,0,0,1,1,0,1,0
2341,0,0,1,1,0,1,0
2342,1,0,0,0,1,1,1
2343,1,1,0,1,0,1,0
2344,0,1,0,0,0,1,1
2345,1,1,1,1,1,0,1
2346,1,1,0,1,0,0,0
2347,0,1,1,1,1,0,1
2348,0,1,0,0,0,1,1
2349,0,0,1,0,0,1,0
2350,0,1,0,1,1,0,0
2351,1,1,0,0,0,0,0
2352,0,1,1,1,0,1,1
2353,1,1,1,0,0,0,0
2354,0,0,0,0,1,0,0
2355,1,1,0,0,0,1,0
2356,0,0,0,0,1,0,1
2357,0,0,1,1,1,1,1
2358,0,1,0,1,0,0,0
2359,1,1,1,1,1,0,0
2360,0,0,1,0,0,0,1
2361,0,1,1,0,0,1,1
2362,0,0,0,0,0,0,1
2363,0,0,0,1,0,1,1
2364,1,0,0,0,1,1,1
2365,0,1,1,1,0,0,0
2366,1,0,0,0,1,1,1
2367,0,0,0,0,0,1,0
2368,1,1,0,1,1,1,1
2369,0,1,0,1,0,1,1
2370,0,0,0,0,1,1,0
2371,0,1,1,1,0,1,1
2372,0,1,0,0,0,0,1
2373,0,1,1,0,1,1,0
2374,0,1,0,1,1,1,1
2375,0,0,1,0,0,1,0
2376,1,1,0,1,0,0,1
2377,0,0,0,0,0,1,0
2378,0,0,0,1,1,1,1
2379,0,1,1,0,0,1,0
2380,0,1,1,0,0,1,1
2381,1,1,1,0,1,1,1
2382,0,0,0,1,0,0,0
2383,1,1,1,1,1,1,0
2384,0,0,0,0,0,1,0
2385,0,1,0,0,1,0,1
2386,0,1,1,1,1,1,0
2387,1,1,1,0,1,1,0
2388,1,1,0,1,1,1,0
2389,0,0,0,1,1,1,1
2390,1,0,0,0,0,1,0
2391,0,0,0,1,0,0,0
2392,1,1,1,1,1,1,0
2393,1,0,0,1,1,0,0
2394,0,0,0,1,0,1,1
2395,1,0,0,0,1,1,1
2396,1,1,1,1,1,0,0
2397,1,1,1,1,0,1,1
2398,1,1,1,1,0,0,1
2399,1,0,0,0,0,1,1
2400,1,0,1,0,1,1,1
2401,1,1,1,0,1,0,1
2402,0,0,1,1,1,0,0
2403,1,0,0,0,0,1,0
2404,0,0,1,1,1,1,0
2405,1,1,0,1,1,0,0
2406,1,1,1,1,1,1,0
2407,0,1,1,0,1,1,0
2408,0,1,1,0,0,1,0
2409,1,1,1,1,1,0,0
2410,0,0,0,1,1,1,0
2411,1,1,0,1,1,1,0
2412,0,1,0,1,1,0,0
2413,0,0,1,1,0,1,1
2414,0,0,1,1,0,0,0
2415,1,0,1,1,1,0,1
2416,1,0,1,0,0,1,0
2417,1,0,0,0,1,0,0
2418,0,1,0,0,1,1,0
2419,0,1,0,0,1,0,0
2420,0,0,1,0,1,1,1
2421,1,0,1,1,0,1,1
2422,0,0,0,1,0,1,0
2423,0,0,1,0,1,0,0
2424,0,0,0,0,0,0,0
2425,0,1,1,0,0,1,0
2426,0,1,1,1,1,1,0
2427,1,1,0,1,0,1,0
2428,0,0,0,0,0,0,0
2429,0,1,1,0,0,0,1
2430,0,1,0,1,0,1,1
2431,1,1,0,1,1,1,1
2432,1,1,0,1,0,1,1
2433,1,0,0,1,0,0,0
2434,0,0,1,1,1,1,1
2435,1,0,0,1,0,0,0
2436,0,1,0,1,1,0,0
2437,1,0,0,0,0,0,1
2438,0,0,0,0,0,0,1
2439,1,1,0,1,0,0,0
2440,0,1,0,1,1,0,0
2441,0,0,1,1,1,0,1
2442,1,0,0,1,0,1,1
2443,0,0,0,0,1,0,1
2444,1,1,1,1,1,0,0
2445,0,0,0,0,0,0,1
2446,1,0,1,1,1,0,0
2447,1,1,1,0,1,0,1
2448,1,0,1,1,0,1,0
2449,0,1,0,0,0,0,1
2450,0,1,1,1,0,0,1
2451,0,0,0,1,1,1,1
2452,1,1,1,1,0,1,0
2453,0,1,0,1,0,1,1
2454,0,0,1,0,1,0,0
2455,0,1,1,0,1,1,0
2456,1,0,0,1,0,1,0
2457,1,1,0,1,1,0,1
2458,1,1,0,1,1,1,0
2459,1,1,0,1,0,0,1
2460,0,0,0,0,1,0,1
2461,1,0,1,0,1,1,1
2462,1,1,1,1,0,1,0
2463,1,1,1,1,1,0,0
2464,1,0,1,0,1,1,0
2465,0,0,1,1,0,0,0
2466,1,1,1,1,1,1,0
2467,1,0,1,0,0,1,0
2468,0,1,1,1,1,1,1
2469,0,1,0,1,0,0,0
2470,1,0,1,0,1,0,0
2471,0,0,0,1,1,1,1
2472,1,1,1,0,0,1,1
2473,1,1,0,1,0,1,0
2474,0,1,1,0,0,0,0
2475,0,1,1,1,1,0,0
2476,1,1,0,1,1,0,1
2477,0,1,1,1,1,0,0
2478,0,1,1,0,0,1,0
2479,0,0,0,1,1,0,1
2480,0,1,1,0,1,1,1
2481,1,0,1,1,1,1,1
2482,0,0,1,1,0,0,1
2483,0,0,1,1,0,0,0
2484,1,0,1,1,0,1,1
2485,0,1,1,1,1,1,0
2486,1,0,0,1,0,1,0
2487,0,0,1,0,1,1,1
2488,0,0,0,0,1,0,0
2489,1,0,1,1,0,0,0
2490,0,1,0,1,1,0,1
2491,0,1,0,0,1,0,0
2492,0,0,0,0,0,1,0
2493,0,0,0,1,0,1,1
2494,1,0,1,1,0,1,1
2495,1,1,0,0,0,0,1
2496,1,0,1,0,0,0,1
2497,1,0,1,0,0,0,1
2498,0,1,0,0,1,0,0
2499,0,0,0,1,1,1,1
2500,0,0,1,1,1,0,0
2501,1,0,1,1,0,1,1
2502,0,0,1,0,1,1,0
2503,1,1,1,0,0,1,0
2504,1,0,0,1,1,0,1
2505,0,1,1,1,1,0,0
2506,0,1,0,0,0,0,0
2507,1,0,1,0,0,1,0
2508,0,1,0,0,0,0,0
2509,0,1,1,0,1,1,0
2510,0,0,1,0,0,0,1
2511,0,1,1,0,1,0,0
2512,0,1,1,1,0,1,1
2513,1,1,0,1,1,1,0
2514,0,1,0,0,0,0,0
2515,0,0,0,1,0,1,1
2516,1,1,0,0,0,0,1
2517,0,1,1,0,1,1,1
2518,0,0,1,1,1,0,1
2519,0,0,1,1,1,1,1
2520,0,1,1,1,1,1,0
2521,0,0,1,0,0,1,0
2522,1,0,1,1,0,1,0
2523,1,0,0,0,0,0,0
2524,0,0,1,0,0,1,0
2525,1,1,0,0,0,0,1
2526,1,0,0,0,1,1,1
2527,0,0,0,0,1,1,0
2528,0,0,0,0,1,1,0
2529,0,1,0,0,0,0,0
2530,0,0,1,1,1,1,0
2531,0,0,1,1,0,1,1
2532,0,0,0,1,0,0,1
2533,0,1,0,0,1,0,0
2534,0,0,1,0,0,0,1
2535,1,0,0,0,1,0,1
2536,1,0,1,0,1,1,0
2537,0,1,0,0,1,0,0
2538,1,1,0,0,1,0,0
2539,0,0,0,1,0,1,1
2540,1,1,1,0,1,0,1
2541,1,0,0,1,1,1,0
2542,0,1,0,1,0,1,0
2543,0,0,0,1,0,1,1
2544,0,1,1,0,1,0,1
2545,1,0,0,1,0,1,0
2546,0,1,1,0,0,0,1
2547,1,0,0,0,0,1,0
2548,1,1,0,1,0,1,0
2549,0,1,0,1,0,0,1
2550,1,0,1,0,1,1,0
2551,0,1,0,1,0,1,0
2552,1,0,1,0,0,0,1
2553,0,1,0,0,0,1,0
2554,1,0,1,0,0,1,0
2555,0,1,0,1,0,0,0
2556,0,1,0,1,0,0,1
2557,0,1,0,1,0,1,0
2558,1,1,1,1,0,1,0
2559,0,1,0,1,1,1,1
2560,0,0,0,1,1,0,0
2561,1,1,0,1,1,0,0
2562,1,1,0,1,0,0,1
2563,1,1,1,1,0,1,1
2564,0,1,0,0,1,1,1
2565,1,0,1,1,0,0,0
2566,0,1,1,0,1,0,1
2567,0,1,0,1,1,1,0
2568,0,0,1,1,0,0,0
2569,1,0,0,0,1,1,1
2570,1,0,1,1,0,1,1
2571,0,0,1,0,1,0,1
2572,0,0,0,0,1,0,0
2573,1,0,1,0,0,0,1
2574,0,0,0,1,1,0,0
2575,1,0,1,1,0,0,1
2576,0,1,0,1,0,0,0
2577,0,0,1,1,1,1,1
2578,1,1,1,0,0,1,0
2579,0,1,0,1,0,0,1
2580,0,1,1,0,1,0,1
2581,1,1,1,1,0,0,0
2582,1,0,1,1,1,1,1
2583,0,0,1,1,0,0,0
2584,1,1,0,1,0,1,0
2585,1,0,0,1,1,1,0
2586,1,0,0,0,1,1,1
2587,1,0,0,0,1,1,1
2588,0,1,1,0,0,1,1
2589,0,0,1,1,1,0,1
2590,1,0,1,1,1,0,1
2591,1,1,1,1,1,0,1
2592,1,0,1,0,0,0,0
2593,1,1,0,1,1,0,0
2594,1,1,0,0,1,1,1
2595,0,1,1,1,1,0,1
2596,0,1,0,0,1,1,1
2597,1,0,0,1,0,1,0
2598,0,1,1,0,0,0,1
2599,1,0,0,0,1,1,1
2600,0,1,1,0,1,0,1
2601,1,0,0,0,1,1,1
2602,1,1,0,0,0,1,1
2603,1,1,1,0,0,1,1
2604,1,0,1,0,1,1,1
2605,0,1,1,0,1,0,1
2606,1,1,0,1,0,0,1
2607,0,0,1,0,1,1,0
2608,0,1,1,0,0,1,0
2609,0,1,1,0,1,0,0
2610,0,0,1,0,0,0,0
2611,1,0,1,1,1,1,0
2612,1,1,1,1,0,1,0
2613,0,1,0,1,0,1,0
2614,0,0,0,1,0,0,0
2615,1,1,0,0,1,0,1
2616,0,0,1,0,0,0,0
2617,1,0,1,1,0,1,0
2618,1,0,0,1,0,1,1
2619,1,1,1,0,0,1,1
2620,1,0,1,1,0,1,1
2621,1,1,1,1,0,0,1
2622,1,1,0,1,1,0,1
2623,0,1,0,1,1,1,1
2624,1,1,0,0,1,0,1
2625,1,1,1,0,1,1,1
2626,1,1,1,1,1,1,1
2627,1,1,1,0,0,0,0
2628,0,1,1,1,0,0,0
2629,1,1,1,1,0,1,0
2630,1,0,0,1,1,1,0
2631,1,0,0,0,0,1,0
2632,0,1,0,0,1,1,0
2633,0,0,0,0,0,1,1
2634,1,0,0,0,0,1,0
2635,0,1,0,1,0,0,1
2636,1,1,1,1,1,0,1
2637,1,0,0,1,0,0,1
2638,0,1,0,1,0,1,0
2639,1,0,1,0,1,1,1
2640,1,1,1,1,1,0,0
2641,1,0,0,0,0,1,0
2642,1,0,0,0,0,0,0
2643,0,0,1,1,0,1,0
2644,1,1,1,0,0,0,1
2645,1,0,1,1,0,0,0
2646,0,1,0,1,0,1,0
2647,1,0,1,1,1,1,0
2648,1,1,1,1,0,1,0
2649,0,1,0,0,0,1,1
2650,1,1,0,0,1,1,1
2651,0,1,0,0,0,1,1
2652,0,0,0,1,1,1,1
2653,1,1,0,1,0,1,1
2654,0,0,1,0,0,0,1
2655,1,1,1,1,0,0,0
2656,0,1,1,1,0,0,1
2657,0,1,1,0,1,0,0
2658,0,0,0,0,1,0,0
2659,1,0,0,1,0,0,0
2660,1,0,0,1,1,1,1
2661,0,0,1,1,0,1,0
2662,0,1,1,1,1,1,0
2663,0,0,1,1,0,0,1
2664,1,0,1,1,1,0,0
2665,0,1,1,0,0,0,0
2666,0,1,1,1,1,1,1
2667,0,0,1,0,1,0,1
2668,0,0,1,0,0,1,0
2669,0,1,1,0,0,0,0
2670,0,0,0,1,1,1,0
2671,1,1,1,1,1,0,1
2672,0,1,0,1,1,0,0
2673,0,0,0,0,1,1,1
2674,1,1,0,1,0,0,1
2675,1,1,1,0,0,1,1
2676,0,0,1,0,0,1,1
2677,0,0,1,0,1,0,0
2678,1,0,1,1,0,1,0
2679,1,1,1,1,0,1,1
2680,1,1,0,1,0,0,1
2681,1,0,1,1,0,0,0
2682,0,1,0,1,1,1,0
2683,1,0,0,1,1,1,0
2684,1,0,0,0,0,1,0
2685,1,0,1,0,0,1,0
2686,0,0,0,0,1,1,0
2687,1,0,1,0,1,0,0
2688,0,0,1,1,1,1,0
2689,0,1,1,0,1,1,0
2690,1,0,1,0,1,1,1
2691,0,1,1,1,0,0,1
2692,0,0,0,1,1,1,0
2693,1,1,1,1,0,1,1
2694,0,0,0,0,1,1,0
2695,0,0,1,0,1,1,1
2696,0,1,0,0,0,0,1
2697,0,1,0,0,0,0,1
2698,0,1,1,0,0,1,0
2699,0,1,0,0,1,1,1
2700,1,1,0,1,1,1,0
2701,0,1,1,0,0,0,0
2702,1,0,0,1,1,1,0
2703,0,1,1,1,0,1,1
2704,1,0,1,0,0,0,1
2705,0,0,1,1,1,0,1
2706,1,1,1,0,1,0,1
2707,1,1,1,0,0,1,1
2708,1,1,0,1,0,1,0
2709,1,1,1,0,1,1,0
2710,0,0,0,1,0,0,1
2711,0,1,1,0,1,1,0
2712,1,1,0,1,1,0,0
2713,0,1,1,1,1,0,1
2714,0,1,1,1,0,1,0
2715,0,0,1,1,0,0,0
2716,0,1,0,1,1,1,1
2717,1,1,1,0,1,1,0
2718,0,0,1,1,0,0,0
2719,1,0,0,0,0,0,0
2720,1,1,1,0,0,0,0
2721,1,1,1,0,1,1,0
2722,1,0,0,0,1,0,1
2723,1,1,0,0,0,0,1
2724,1,0,1,1,0,0,1
2725,1,0,0,1,1,0,1
2726,1,1,0,1,1,1,0
2727,0,0,1,0,1,0,1
2728,1,0,1,1,1,1,1
2729,0,0,0,0,1,0,0
2730,1,0,0,0,0,1,0
2731,1,1,0,0,0,1,1
2732,1,1,1,0,0,1,0
2733,0,1,0,1,0,0,0
2734,1,1,1,0,1,0,0
2735,1,0,0,1,1,0,0
2736,0,0,0,1,1,1,1
2737,0,0,1,1,1,1,0
2738,0,0,1,1,0,1,1
2739,0,0,0,1,0,0,1
2740,1,0,0,0,1,1,1
2741,1,0,0,0,1,1,1
2742,1,1,0,1,0,0,0
2743,1,0,0,1,1,0,0
2744,0,1,1,0,1,0,1
2745,1,1,0,1,0,0,0
2746,1,1,0,0,0,1,1
2747,0,1,0,0,0,0,1
2748,1,0,1,0,0,1,1
2749,1,1,0,1,0,0,1
2750,1,0,1,0,1,1,1
2751,0,1,1,0,0,1,0
2752,1,0,0,0,1,1,1
2753,1,1,1,1,1,1,1
2754,0,1,1,1,0,1,1
2755,0,1,0,0,1,0,0
2756,1,1,1,1,1,1,1
2757,0,0,1,1,0,1,0
2758,1,0,0,1,0,0,0
2759,0,0,1,0,0,0,1
2760,0,1,1,1,0,0,0
2761,0,0,1,1,0,1,0
2762,0,0,1,0,0,0,0
2763,0,1,1,0,0,1,0
2764,1,1,1,0,1,1,0
2765,0,1,1,1,0,1,1
2766,0,1,1,1,0,1,1
2767,0,0,0,1,1,1,1
2768,1,0,0,0,0,0,0
2769,1,1,0,0,0,0,1
2770,1,1,1,1,1,0,1
2771,1,0,0,1,0,0,1
2772,0,1,1,0,0,0,0
2773,0,0,0,1,0,0,1
2774,1,1,0,1,0,1,1
2775,0,1,1,0,1,0,1
2776,1,0,0,0,0,0,0
2777,1,0,1,0,1,1,1
2778,1,0,0,1,0,0,0
2779,0,1,1,1,0,0,0
2780,0,1,1,0,0,0,1
2781,1,0,0,1,0,0,0
2782,0,1,0,1,0,1,1
2783,1,1,0,1,0,1,0
2784,0,0,0,1,1,1,0
2785,1,0,0,1,1,1,1
2786,1,0,0,0,0,0,0
2787,1,1,0,0,1,1,0
2788,0,0,1,0,1,0,1
2789,1,0,1,1,0,1,1
2790,0,0,1,1,1,1,1
2791,1,0,0,1,0,0,0
2792,0,1,0,0,1,1,1
2793,0,0,0,0,0,0,0
2794,1,1,0,1,0,1,0
2795,1,0,1,0,1,0,0
2796,1,0,1,0,1,0,0
2797,0,0,0,0,1,0,0
2798,1,0,0,0,0,0,1
2799,0,1,0,0,0,0,1
2800,1,1,1,1,1,1,1
2801,0,1,1,0,1,0,1
2802,1,1,1,1,0,1,1
2803,0,1,1,0,0,0,1
2804,0,0,0,1,0,0,1
2805,0,0,1,1,0,1,1
2806,1,1,0,0,0,0,0
2807,0,1,1,1,1,1,0
2808,0,1,1,1,1,0,0
2809,0,0,0,1,1,1,0
2810,0,0,0,0,1,1,1
2811,1,0,0,0,1,1,0
2812,1,0,1,1,0,0,0
2813,1,1,0,1,0,0,0
2814,0,1,1,1,0,0,0
2815,1,1,0,0,1,0,0
2816,1,0,1,1,1,1,1
2817,0,0,0,1,1,0,1
2818,0,1,1,1,0,1,1
2819,1,0,0,0,0,0,1
2820,0,0,0,0,1,1,1
2821,0,0,1,0,0,0,1
2822,0,0,1,0,0,0,0
2823,1,1,0,0,0,1,1
2824,1,0,1,0,1,0,1
2825,1,1,0,1,0,1,1
2826,1,0,0,0,0,1,0
2827,0,0,0,0,0,1,0
2828,0,1,1,1,1,0,1
2829,1,1,0,1,0,1,0
2830,0,0,0,1,0,0,0
2831,0,1,1,0,0,1,1
2832,1,1,1,1,0,1,1
2833,1,0,0,0,0,1,0
2834,1,0,0,0,1,1,1
2835,1,0,0,1,1,0,1
2836,0,0,1,0,0,1,0
2837,0,0,1,1,0,1,1
2838,1,0,0,1,1,1,1
2839,1,1,0,1,1,0,1
2840,1,0,0,0,1,0,0
2841,1,0,1,0,0,0,1
2842,1,1,0,1,1,1,1
2843,1,0,1,0,0,0,1
2844,0,1,1,0,0,0,1
2845,1,1,0,1,1,1,0
2846,1,1,1,0,0,0,1
2847,0,1,0,0,0,1,1
2848,1,0,1,1,0,1,1
2849,1,1,1,0,1,1,1
2850,1,0,1,0,0,1,0
2851,1,1,1,0,1,0,1
2852,1,0,1,1,0,0,0
2853,1,1,1,1,1,0,1
2854,0,0,1,0,1,0,1
2855,0,1,1,1,0,1,1
2856,0,1,0,0,1,0,0
2857,1,1,0,1,1,0,0
2858,1,0,0,0,0,1,1
2859,1,0,0,0,0,1,0
2860,1,1,0,1,1,0,0
2861,1,0,0,1,1,1,1
2862,0,1,1,1,1,0,0
2863,1,1,0,0,1,1,1
2864,0,1,0,0,0,1,1
2865,0,1,1,1,1,1,0
2866,1,1,1,1,1,1,1
2867,0,0,1,1,0,1,1
2868,0,0,0,0,0,1,1
2869,0,1,0,0,0,0,1
2870,1,0,0,0,0,0,1
2871,0,0,1,1,0,0,1
2872,1,0,1,1,0,0,1
2873,1,0,1,1,1,0,0
2874,1,0,1,1,0,1,0
2875,1,0,0,0,1,1,0
2876,1,0,0,0,1,0,0
2877,0,1,0,0,1,0,0
2878,0,0,1,1,0,1,0
2879,0,1,1,0,1,0,0
2880,1,1,0,0,0,0,0
2881,1,0,0,1,0,1,0
2882,0,1,1,1,1,0,0
2883,1,0,1,1,1,1,1
2884,0,1,1,1,1,0,1
2885,0,0,1,1,0,0,0
2886,0,1,1,0,0,0,0
2887,0,0,1,1,1,1,0
2888,1,1,0,0,1,1,1
2889,0,0,1,0,1,1,0
2890,0,1,0,1,0,0,0
2891,0,0,0,0,1,0,0
2892,1,0,0,1,0,0,0
2893,0,1,0,0,0,0,0
2894,0,1,0,0,1,0,0
2895,1,1,1,0,0,0,1
2896,0,0,0,1,0,1,0
2897,1,0,1,1,0,1,0
2898,1,1,0,0,0,0,0
2899,1,1,0,0,1,1,0
2900,0,1,1,0,1,1,1
2901,0,0,0,1,0,1,1
2902,0,1,1,0,1,0,0
2903,0,0,0,1,1,1,1
2904,0,1,1,1,1,1,0
2905,0,1,1,0,1,1,0
2906,0,0,0,0,1,1,1
2907,0,1,0,1,1,0,0
2908,1,1,0,1,1,0,1
2909,0,0,1,1,0,1,1
2910,1,1,0,1,1,0,1
2911,1,0,0,1,1,0,1
2912,0,1,0,1,0,0,0
2913,1,1,0,1,0,0,0
2914,0,1,1,1,1,0,1
2915,0,0,1,1,0,1,1
2916,1,0,1,0,0,1,0
2917,1,1,0,0,0,1,0
2918,1,1,1,1,0,0,1
2919,1,0,1,0,0,0,0
2920,0,1,0,0,0,1,0
2921,1,1,0,1,1,1,0
2922,0,1,1,0,0,1,0
2923,0,0,0,0,1,0,1
2924,0,0,0,0,1,1,1
2925,1,1,0,1,1,1,1
2926,0,1,1,1,1,1,0
2927,0,1,0,0,0,1,1
2928,0,1,0,0,1,1,0
2929,0,1,0,0,1,1,1
2930,0,1,1,1,1,0,0
2931,0,0,1,0,1,1,0
2932,0,0,0,0,0,0,0
2933,0,0,0,0,1,1,0
2934,1,0,0,1,1,1,1
2935,0,0,0,0,1,1,1
2936,1,1,1,0,0,0,0
2937,0,1,0,1,0,1,0
2938,0,0,1,1,1,0,1
2939,0,1,1,0,0,1,1
2940,1,0,1,0,0,1,0
2941,0,0,1,1,0,0,0
2942,0,1,0,1,1,1,0
2943,0,1,0,1,1,0,1
2944,0,1,1,0,0,0,0
2945,1,1,0,0,1,1,0
2946,0,0,1,0,0,1,1
2947,1,0,1,1,0,0,0
2948,0,1,0,1,1,1,1
2949,1,0,1,1,1,0,1
2950,0,0,1,0,0,1,1
2951,1,1,1,1,0,0,1
2952,0,1,1,1,0,1,0
2953,0,0,1,0,1,0,0
2954,0,0,0,0,1,0,1
2955,0,0,1,1,1,1,1
2956,0,0,1,1,0,1,0
2957,0,1,0,0,0,0,0
2958,0,1,0,1,0,0,1
2959,1,0,1,1,1,0,1
2960,0,0,1,0,0,0,0
2961,1,0,1,0,0,1,1
2962,1,0,0,0,1,1,0
2963,0,0,0,1,1,0,1
2964,0,0,0,0,0,0,0
2965,1,1,1,0,0,1,0
2966,1,1,0,1,0,0,0
2967,0,1,0,0,1,0,1
2968,1,0,1,1,1,0,0
2969,0,0,0,0,0,0,1
2970,0,1,1,0,0,0,1
2971,1,0,0,0,0,0,0
2972,0,0,0,0,0,1,1
2973,1,1,0,1,1,1,1
2974,1,0,0,0,0,0,1
2975,0,1,1,1,0,1,1
2976,0,1,1,1,0,0,0
2977,0,0,1,1,1,0,0
2978,1,0,1,1,1,0,1
2979,0,0,1,0,0,1,1
2980,1,0,1,0,0,1,1
2981,0,0,1,0,0,0,1
2982,1,1,1,0,1,1,0
2983,1,1,1,0,1,1,0
2984,1,0,0,0,1,1,1
2985,1,1,0,0,1,1,0
2986,0,0,0,1,1,1,0
2987,1,1,0,0,0,0,1
2988,1,0,0,1,0,0,1
2989,0,1,1,1,1,1,0
2990,1,0,1,1,1,0,1
2991,0,1,1,1,1,0,1
2992,0,0,1,1,0,0,0
2993,1,1,0,1,0,1,0
2994,0,1,1,1,1,1,1
2995,0,1,0,1,1,0,0
2996,1,0,1,1,0,1,1
2997,1,1,1,0,0,1,1
2998,1,0,0,1,1,1,1
2999,0,1,1,0,1,1,0
3000,1,0,1,1,0,0,1
3001,1,1,0,1,0,1,1
3002,1,1,1,1,1,0,1
3003,0,0,1,0,1,0,1
3004,0,0,1,0,1,0,1
3005,0,0,0,1,0,1,1
3006,1,1,0,1,1,1,0
3007,1,0,1,0,1,1,1
3008,1,0,0,0,1,1,1
3009,0,0,1,1,0,1,1
3010,0,0,0,1,0,0,0
3011,0,1,1,1,1,0,0
3012,0,1,0,0,0,1,0
3013,0,0,1,0,1,1,0
3014,0,1,1,0,1,0,1
3015,0,0,1,0,1,0,1
3016,0,1,1,0,0,0,1
3017,0,0,0,0,1,1,1
3018,0,1,0,0,0,0,1
3019,0,1,0,0,1,0,0
3020,0,0,1,1,0,1,1
3021,1,1,1,1,1,0,0
3022,0,1,1,0,1,0,0
3023,0,0,1,1,0,1,0
3024,1,0,1,0,1,0,1
3025,1,0,0,1,1,1,1
3026,0,0,1,1,1,1,0
3027,1,0,0,1,1,1,1
3028,0,1,0,0,1,0,0
3029,1,1,0,1,1,1,0
3030,1,1,1,0,0,1,1
3031,0,1,0,1,0,1,0
3032,0,0,0,0,0,0,1
3033,1,0,0,1,1,0,0
3034,1,1,0,1,1,1,1
3035,0,0,0,0,0,1,0
3036,0,1,1,1,0,1,1
3037,0,1,0,0,1,0,1
3038,0,1,0,0,0,0,1
3039,1,1,0,1,1,1,1
3040,0,0,0,0,1,0,0
3041,1,1,1,1,0,1,1
3042,1,0,0,0,1,1,0
3043,1,1,1,0,0,0,0
3044,1,0,1,0,1,1,1
3045,0,1,0,0,0,1,1
3046,1,1,0,0,0,1,1
3047,0,1,1,1,0,0,0
3048,1,0,0,1,1,0,1
3049,0,1,0,0,0,0,0
3050,1,0,1,0,0,1,0
3051,1,1,1,1,1,1,0
3052,0,1,1,1,0,0,0
3053,1,1,1,1,0,0,1
3054,1,0,0,0,0,1,0
3055,1,1,0,0,1,0,1
3056,1,0,1,1,1,1,1
3057,0,1,1,1,0,1,1
3058,0,1,0,1,0,0,1
3059,1,0,0,0,1,1,1
3060,0,1,1,0,1,0,0
3061,0,0,1,1,0,1,1
3062,1,1,0,0,1,1,1
3063,1,1,1,1,1,1,1
3064,1,0,1,0,1,1,0
3065,0,0,1,1,1,1,1
3066,0,1,0,0,1,0,0
3067,1,0,1,0,1,0,0
3068,1,1,1,0,1,0,0
3069,1,0,0,0,1,1,0
3070,0,0,0,0,0,0,1
3071,0,1,0,0,0,0,1
3072,0,1,0,0,0,0,1
3073,1,1,1,0,0,0,1
3074,0,0,0,0,1,0,1
3075,1,0,0,1,1,0,0
3076,1,1,1,0,1,1,1
3077,1,0,1,1,1,1,0
3078,0,0,0,0,1,0,0
3079,1,1,0,0,1,0,1
3080,1,1,0,1,0,0,1
3081,0,1,0,1,0,1,1
3082,0,0,0,0,1,1,1
3083,1,1,1,0,1,1,1
3084,0,1,1,0,0,0,0
3085,0,0,1,1,0,1,1
3086,1,1,0,1,0,0,0
3087,0,1,0,0,0,0,0
3088,1,0,0,0,1,1,0
3089,1,0,0,0,0,0,1
3090,0,1,1,0,1,1,1
3091,0,0,1,0,1,1,1
3092,1,0,0,1,0,1,0
3093,0,1,0,1,1,1,1
3094,0,1,1,0,0,0,1
3095,0,1,1,1,1,1,1
3096,1,0,0,0,1,1,1
3097,1,1,1,0,0,1,0
3098,1,0,1,1,1,0,1
3099,0,1,1,0,1,0,0
3100,1,1,1,1,0,1,1
3101,0,1,1,1,1,1,0
3102,0,1,0,1,1,0,1
3103,1,1,1,0,0,0,0
3104,0,1,1,0,0,1,1
3105,1,0,1,0,0,1,1
3106,1,0,0,0,0,1,0
3107,1,1,0,0,1,0,0
3108,1,0,1,1,0,1,0
3109,1,0,1,0,0,1,1
3110,1,0,1,1,0,0,0
3111,0,1,0,1,1,1,0
3112,0,1,0,0,1,0,0
3113,1,0,1,1,1,1,1
3114,0,0,1,0,1,0,1
3115,0,0,0,1,1,0,1
3116,0,0,0,1,1,0,0
3117,0,1,1,1,1,1,0
3118,0,0,0,0,1,0,1
3119,0,1,1,0,1,0,0
3120,1,1,0,1,0,0,0
3121,1,0,1,1,1,0,1
3122,0,0,1,0,0,0,0
3123,1,0,1,1,0,1,1
3124,1,0,1,0,1,1,0
3125,0,1,1,0,1,0,1
3126,1,1,0,0,1,0,1
3127,1,1,0,0,0,1,1
3128,1,1,1,0,0,0,0
3129,1,0,0,1,0,1,1
3130,1,0,1,1,1,1,0
3131,1,1,1,1,0,0,1
3132,0,0,0,1,1,0,0
3133,1,1,0,0,1,0,0
3134,0,0,1,1,0,0,0
3135,1,1,1,1,0,1,1
3136,0,0,0,1,0,0,1
3137,1,0,1,1,1,0,0
3138,1,1,0,1,1,0,0
3139,0,0,1,0,0,1,1
3140,1,0,1,0,1,1,1
3141,1,0,0,0,0,0,1
3142,1,0,0,1,0,1,1
3143,0,1,0,1,0,1,1
3144,1,1,1,1,0,1,0
3145,0,1,1,1,0,1,1
3146,0,1,1,1,0,1,0
3147,1,0,1,0,0,1,1
3148,1,0,0,0,0,0,0
3149,1,1,0,0,0,1,0
3150,0,1,0,0,0,0,0
3151,0,0,1,0,1,0,0
3152,0,1,0,1,0,0,1
3153,0,1,0,0,0,0,0
3154,1,0,1,0,0,1,1
3155,1,1,0,1,0,1,0
3156,0,0,0,0,0,1,0
3157,1,0,1,1,1,0,0
3158,0,1,1,0,1,1,1
3159,0,1,1,0,1,0,0
3160,0,1,0,1,0,1,0
3161,1,0,0,0,1,0,0
3162,0,1,0,0,1,0,1
3163,0,0,1,0,1,1,0
3164,1,0,0,1,1,0,1
3165,1,0,1,1,1,0,1
3166,1,0,0,0,1,0,0
3167,0,0,1,1,1,0,0
3168,0,1,1,0,1,1,0
3169,0,1,0,0,1,1,0
3170,1,1,0,0,0,1,0
3171,1,0,1,0,0,0,1
3172,0,0,0,1,1,1,0
3173,0,1,1,1,1,1,0
3174,1,1,1,0,1,1,1
3175,0,0,0,0,1,0,1
3176,1,1,1,1,1,1,1
3177,0,0,1,1,1,1,1
3178,0,1,1,1,1,0,1
3179,1,0,1,0,1,0,0
3180,0,1,0,1,1,1,0
3181,1,0,1,1,1,0,1
3182,1,1,0,0,1,1,0
3183,0,0,0,0,0,1,0
3184,1,0,1,0,0,1,1
3185,0,1,1,0,0,0,1
3186,0,1,0,0,1,0,1
3187,1,1,0,0,0,0,0
3188,1,0,0,0,0,1,1
3189,0,1,0,0,1,1,0
3190,0,0,0,0,0,0,1
3191,0,1,1,1,1,0,1
3192,1,1,0,1,0,0,0
3193,0,0,0,1,0,0,1
3194,0,0,0,1,1,0,0
3195,1,0,1,0,0,1,1
3196,0,0,1,1,0,1,0
3197,1,1,1,1,1,0,1
3198,1,0,1,1,0,0,1
3199,0,0,1,1,1,1,1
3200,0,0,1,1,0,1,1
3201,1,1,0,1,0,0,1
3202,0,1,0,1,1,0,0
3203,0,0,1,0,1,1,1
3204,1,1,0,0,1,0,1
3205,0,0,0,0,0,0,0
3206,0,1,1,0,1,1,0
3207,0,1,0,1,1,1,1
3208,0,0,0,0,0,1,1
3209,1,0,0,1,0,1,1
3210,1,1,0,0,1,0,0
3211,0,1,0,1,0,0,1
3212,1,1,1,1,0,0,0
3213,1,0,1,1,0,0,1
3214,0,1,0,0,0,0,0
3215,0,1,1,0,0,0,0
3216,1,0,0,0,0,0,0
3217,0,0,0,1,0,1,0
3218,1,1,0,0,1,0,1
3219,0,1,1,1,0,0,0
3220,1,1,0,1,1,0,1
3221,0,1,0,0,1,0,0
3222,0,0,0,0,0,1,1
3223,1,1,1,1,1,1,0
3224,1,0,0,1,1,1,0
3225,1,1,0,0,1,0,0
3226,0,1,0,1,0,1,1
3227,0,1,1,0,0,0,0
3228,0,1,1,0,1,1,0
3229,0,1,1,0,0,0,1
3230,1,1,1,1,1,1,0
3231,0,1,0,0,0,0,1
3232,0,0,0,1,1,1,0
3233,0,1,1,1,1,1,0
3234,1,1,1,0,1,0,0
3235,1,0,0,1,1,0,0
3236,1,1,1,0,1,0,0
3237,1,0,1,0,1,0,1
3238,1,0,0,1,1,0,1
3239,1,0,1,0,0,0,0
3240,1,0,0,0,0,1,1
3241,1,1,0,0,0,0,0
3242,0,1,1,1,1,0,1
3243,0,1,0,1,0,1,0
3244,0,1,1,0,0,0,1
3245,0,1,1,0,1,0,1
3246,1,1,1,1,1,1,1
3247,1,0,1,0,1,0,0
3248,1,1,0,0,1,1,0
3249,0,1,0,1,1,0,0
3250,0,1,0,1,1,0,1
3251,1,0,1,1,0,1,0
3252,1,1,0,1,1,0,0
3253,1,0,1,0,0,1,1
3254,1,0,0,1,1,1,1
3255,0,1,1,1,1,0,1
3256,1,1,1,1,1,1,1
3257,0,1,1,1,1,0,0
3258,1,1,0,1,0,1,0
3259,0,1,1,1,1,0,1
3260,0,1,1,0,1,1,0
3261,0,1,0,0,1,1,1
3262,0,1,1,1,1,1,1
3263,0,0,1,0,1,0,1
3264,1,1,0,0,1,0,0
3265,0,1,0,1,0,0,0
3266,1,1,1,0,0,1,1
3267,0,0,1,0,0,0,0
3268,1,1,1,0,1,0,0
3269,1,0,1,1,1,1,0
3270,1,1,1,1,0,1,0
3271,0,1,0,1,1,1,1
3272,1,1,1,1,1,1,1
3273,1,1,1,1,0,0,1
3274,1,0,1,1,0,0,0
3275,0,0,0,0,1,1,0
3276,0,1,1,0,0,1,0
3277,1,1,0,1,0,0,1
3278,0,0,1,1,1,1,0
3279,0,1,1,1,0,0,1
3280,0,0,0,0,1,0,1
3281,0,0,1,1,1,1,0
3282,0,1,0,1,0,1,0
3283,1,0,0,1,1,1,1
3284,1,0,1,0,1,0,0
3285,0,0,0,1,0,1,0
3286,1,1,1,1,1,0,0
3287,0,1,0,1,0,0,1
3288,0,1,0,0,0,0,1
3289,0,0,0,1,1,0,0
3290,1,0,0,1,1,0,1
3291,0,0,1,0,0,1,1
3292,1,0,1,1,0,1,0
3293,1,1,1,1,1,0,0
3294,1,0,0,1,1,1,0
3295,0,0,1,0,1,1,1
3296,1,0,0,0,0,1,1
3297,0,0,1,0,1,0,1
3298,1,0,1,0,1,0,1
3299,0,0,0,1,0,1,1
3300,1,0,0,1,1,0,0
3301,0,0,0,1,0,1,0
3302,0,0,1,1,1,0,1
3303,0,0,0,0,1,0,0
3304,0,0,1,0,0,1,1
3305,1,1,0,0,0,0,1
3306,0,1,0,0,1,1,0
3307,0,0,1,1,0,0,1
3308,0,1,1,0,1,0,1
3309,0,0,1,1,1,1,0
3310,1,1,1,1,1,0,0
3311,1,0,1,0,1,0,0
3312,1,0,0,1,0,1,1
3313,0,1,1,0,1,0,0
3314,0,0,0,1,0,0,1
3315,1,0,1,1,0,0,1
3316,0,1,0,0,0,0,0
3317,1,0,1,1,0,0,1
3318,0,0,1,0,0,0,1
3319,0,0,0,0,0,0,1
3320,1,0,0,1,1,1,0
3321,0,0,1,0,1,0,1
3322,0,0,1,0,0,1,0
3323,1,1,0,0,0,1,1
3324,0,1,0,0,0,0,0
3325,1,1,0,0,0,1,0
3326,0,1,1,0,1,0,0
3327,1,0,0,0,0,0,1
3328,0,1,0,1,0,0,0
3329,1,1,1,0,1,1,1
3330,0,1,0,0,1,1,1
3331,1,0,1,1,0,0,1
3332,0,0,0,0,0,1,1
3333,0,0,0,0,0,1,0
3334,1,0,1,1,1,0,1
3335,1,0,0,1,1,0,0
3336,0,0,0,0,0,1,1
3337,1,0,1,0,1,0,1
3338,0,1,1,0,1,1,0
3339,1,1,1,0,1,1,1
3340,1,0,0,0,1,0,1
3341,0,1,1,0,0,0,1
3342,0,0,0,1,0,0,1
3343,0,1,0,0,0,1,0
3344,0,1,0,1,1,1,1
3345,0,1,0,1,1,0,1
3346,0,0,0,1,1,1,1
3347,1,1,1,1,0,1,0
3348,1,1,1,1,0,0,1
3349,1,0,1,1,0,1,0
3350,0,0,1,0,0,1,1
3351,0,0,0,0,0,1,1
3352,1,1,0,0,0,1,1
3353,0,0,1,0,1,0,0
3354,0,0,0,1,1,1,1
3355,1,0,1,0,0,0,1
3356,0,1,1,0,0,0,1
3357,0,1,1,0,1,1,0
3358,1,1,1,0,0,1,1
3359,0,1,1,1,1,0,0
3360,1,0,0,0,0,1,0
3361,1,1,0,0,0,0,1
3362,1,1,1,0,0,1,1
3363,0,0,0,0,0,1,1
3364,0,1,1,1,1,0,1
3365,0,0,0,0,1,1,0
3366,0,1,1,0,0,1,1
3367,1,1,1,0,1,0,0
3368,1,1,1,0,1,1,0
3369,0,0,1,1,1,0,0
3370,0,1,0,1,0,0,0
3371,0,0,0,1,1,1,0
3372,0,0,0,1,0,1,0
3373,1,0,1,0,0,0,1
3374,1,0,1,0,1,1,1
3375,0,1,0,1,0,1,0
3376,1,1,0,0,1,0,0
3377,1,0,0,0,1,1,1
3378,1,1,1,1,1,0,0
3379,1,1,0,0,1,0,1
3380,1,1,1,1,0,1,1
3381,0,1,1,0,0,0,0
3382,1,0,0,1,1,0,0
3383,1,0,1,1,0,1,1
3384,1,1,1,1,0,0,0
3385,1,1,1,1,0,0,1
3386,1,0,0,1,0,1,1
3387,1,0,0,0,0,1,0
3388,1,0,1,0,1,0,1
3389,1,1,0,0,0,1,1
3390,0,1,1,0,1,1,0
3391,1,1,0,1,1,0,0
3392,1,0,1,0,0,0,1
3393,0,1,1,0,1,0,1
3394,0,0,0,1,0,1,0
3395,1,0,0,0,0,0,0
3396,0,0,1,0,1,0,0
3397,0,0,1,0,0,1,1
3398,0,0,0,0,1,1,1
3399,1,0,0,0,1,1,0
3400,1,0,0,0,1,1,0
3401,1,1,0,1,0,1,1
3402,1,1,1,0,0,0,0
3403,1,0,1,1,1,0,0
3404,1,0,0,1,0,1,0
3405,0,1,1,0,1,1,0
3406,0,0,1,0,0,1,1
3407,0,1,0,0,1,1,1
3408,0,1,1,1,0,1,1
3409,0,0,1,0,1,1,1
3410,1,1,1,0,1,0,1
3411,0,1,1,1,0,0,1
3412,0,0,1,1,0,1,1
3413,0,1,0,1,1,1,1
3414,1,1,0,0,0,1,1
3415,1,1,0,0,0,0,0
3416,1,0,0,0,0,1,0
3417,1,1,1,0,1,0,0
3418,0,0,1,1,0,1,1
3419,0,1,1,0,0,1,0
3420,0,0,1,0,1,1,1
3421,1,1,1,0,0,1,0
3422,0,1,0,1,1,0,1
3423,1,1,1,1,1,0,0
3424,0,1,0,1,0,0,1
3425,1,0,0,0,1,0,0
3426,1,0,1,1,1,0,0
3427,1,0,1,0,0,1,0
3428,1,0,0,1,0,0,1
3429,1,1,0,1,0,0,0
3430,0,1,1,0,0,0,0
3431,0,1,1,0,1,1,1
3432,0,0,1,1,0,1,0
3433,0,1,1,1,1,0,1
3434,1,0,0,1,1,1,0
3435,1,0,0,0,0,1,1
3436,0,0,1,1,0,0,1
3437,0,1,0,0,1,1,0
3438,0,0,1,0,0,1,1
3439,0,0,0,1,1,0,1
3440,0,0,1,1,1,0,1
3441,1,0,0,1,1,1,0
3442,0,1,1,0,0,0,1
3443,1,1,0,0,0,1,0
3444,1,1,1,1,1,1,0
3445,0,1,1,0,1,0,0
3446,0,0,1,0,0,0,0
3447,0,1,1,1,0,0,0
3448,1,1,1,0,0,1,1
3449,1,1,0,1,1,0,1
3450,1,0,1,1,1,1,1
3451,0,0,1,0,0,0,0
3452,0,0,0,0,1,0,1
3453,1,0,1,1,1,1,1
3454,0,0,1,1,1,1,1
3455,0,1,1,0,1,0,0
3456,1,0,0,0,0,0,0
3457,1,1,1,1,0,1,0
3458,1,0,0,0,0,0,1
3459,0,0,1,0,0,1,0
3460,0,0,1,0,0,1,1
3461,1,1,0,0,1,1,1
3462,1,0,0,1,1,0,1
3463,1,0,1,0,0,1,0
3464,0,1,1,1,1,0,0
3465,1,1,0,0,1,1,0
3466,1,1,0,0,1,0,0
3467,0,1,0,0,0,1,0
3468,0,0,1,0,1,0,1
3469,1,0,1,1,1,0,0
3470,0,1,0,0,1,0,1
3471,0,1,0,0,1,0,0
3472,1,0,1,1,0,1,1
3473,0,1,0,1,1,0,0
3474,1,0,1,1,1,1,0
3475,0,0,0,0,0,0,0
3476,0,1,1,0,0,0,0
3477,0,1,0,1,1,0,1
3478,1,0,1,1,1,0,0
3479,0,0,1,0,0,0,1
3480,0,1,1,1,0,0,0
3481,1,1,0,1,1,0,1
3482,0,0,0,1,0,0,0
3483,0,1,1,0,1,1,0
3484,0,0,0,0,0,1,0
3485,0,1,0,1,1,1,1
3486,1,1,0,1,0,1,1
3487,0,0,1,0,0,0,0
3488,0,0,1,1,1,0,0
3489,0,0,1,1,1,0,1
3490,0,0,1,1,1,1,0
3491,1,0,1,0,0,0,1
3492,0,0,0,1,1,1,0
3493,0,1,0,1,1,1,0
3494,0,1,1,0,1,1,0
3495,0,0,1,1,0,1,1
3496,1,0,0,1,1,1,1
3497,0,0,1,1,1,1,0
3498,1,1,0,0,1,0,1
3499,0,1,1,1,1,1,0
3500,0,0,0,0,1,0,1
3501,0,1,1,1,1,0,1
3502,0,1,1,1,0,1,1
3503,0,1,1,1,0,0,1
3504,0,0,0,1,0,0,1
3505,0,1,1,1,1,1,1
3506,0,0,1,1,0,0,1
3507,0,0,1,1,0,1,1
3508,1,1,0,0,1,1,1
3509,0,1,1,0,1,1,1
3510,1,1,1,0,1,0,1
3511,1,1,0,0,1,0,0
3512,0,0,1,0,0,1,0
3513,0,0,1,1,1,0,1
3514,1,1,1,1,1,0,0
3515,0,0,0,0,1,1,1
3516,1,0,0,1,0,0,0
3517,0,0,0,1,0,1,1
3518,1,1,0,1,0,0,0
3519,1,0,1,0,1,1,1
3520,1,1,0,1,1,0,0
3521,1,1,0,1,0,1,1
3522,0,1,1,1,0,0,0
3523,1,0,1,1,0,0,0
3524,1,1,0,1,1,1,1
3525,1,0,1,0,0,1,1
3526,1,1,0,0,0,0,1
3527,1,1,1,1,1,1,0
3528,1,0,0,0,0,0,1
3529,0,1,0,1,1,1,1
3530,0,0,1,0,1,0,1
3531,0,1,0,1,1,1,0
3532,1,1,1,0,1,0,1
3533,0,0,0,0,0,1,1
3534,1,0,0,0,0,1,1
3535,1,1,0,0,0,1,0
3536,0,1,0,0,0,0,1
3537,1,0,0,0,0,1,0
3538,0,1,0,1,1,1,0
3539,1,0,0,1,0,0,1
3540,0,0,0,1,0,1,0
3541,1,1,0,0,1,0,0
3542,0,0,0,1,1,1,1
3543,1,0,0,1,1,0,1
3544,0,1,0,0,0,0,0
3545,0,0,1,0,1,0,0
3546,1,1,1,1,1,0,1
3547,0,1,1,0,1,1,1
3548,0,1,0,0,1,0,0
3549,1,1,1,1,1,0,1
3550,1,1,0,1,1,0,0
3551,1,1,0,0,1,1,1
3552,1,1,0,0,1,1,1
3553,1,0,0,0,1,0,1
3554,0,0,0,0,1,1,1
3555,1,0,1,1,1,1,1
3556,0,0,1,1,1,0,0
3557,0,0,0,0,1,1,0
3558,0,1,0,0,1,1,1
3559,0,0,1,1,0,0,0
3560,1,1,1,0,0,1,1
3561,0,1,0,1,0,0,1
3562,0,1,0,0,0,0,1
3563,1,1,1,1,1,0,1
3564,0,1,1,1,1,0,0
3565,1,0,0,0,0,0,1
3566,0,0,0,1,0,0,0
3567,0,0,0,1,1,0,1
3568,0,1,0,0,1,0,0
3569,1,0,0,1,0,1,0
3570,1,1,1,0,0,1,0
3571,0,1,0,1,0,1,0
3572,0,0,0,1,1,1,0
3573,1,1,1,1,0,0,0
3574,0,0,1,1,1,1,0
3575,1,0,1,1,0,1,0
3576,1,1,0,0,0,1,0
3577,1,1,0,1,1,1,1
3578,0,0,1,0,1,1,1
3579,0,1,1,1,0,0,1
3580,0,0,1,1,0,1,0
3581,0,0,0,1,0,1,1
3582,0,0,1,1,1,1,0
3583,0,0,0,1,0,0,0
3584,0,0,0,1,0,1,0
3585,0,1,1,0,1,0,1
3586,0,0,1,0,0,0,1
3587,1,0,1,0,1,0,1
3588,0,0,1,0,0,0,0
3589,1,1,1,0,0,1,0
3590,0,0,1,1,1,1,1
3591,1,0,0,0,0,1,1
3592,0,0,1,1,1,0,1
3593,0,0,1,1,0,1,1
3594,1,0,1,1,0,1,1
3595,1,1,0,1,0,0,0
3596,1,1,1,1,0,0,1
3597,1,1,0,0,0,0,0
3598,1,1,0,0,0,1,1
3599,0,1,0,0,1,1,1
3600,1,1,0,0,1,0,0
3601,0,0,0,1,0,1,0
3602,0,1,0,0,1,1,1
3603,1,1,0,0,0,0,0
3604,1,0,1,1,0,1,1
3605,0,1,1,0,1,1,0
3606,1,0,0,1,1,0,1
3607,1,0,1,1,0,0,0
3608,1,1,1,0,1,1,1
3609,0,0,1,0,0,1,0
3610,0,0,1,1,0,0,1
3611,1,1,1,1,1,0,0
3612,0,1,0,1,1,1,0
3613,0,1,1,1,1,0,0
3614,1,0,1,1,1,0,1
3615,0,1,1,0,0,0,1
3616,1,1,1,1,0,0,1
3617,1,0,0,1,1,1,0
3618,0,1,1,0,1,1,0
3619,0,0,0,0,0,0,0
3620,0,1,0,1,1,1,0
3621,0,0,1,0,1,1,0
3622,1,1,1,0,1,0,1
3623,1,0,0,0,1,1,1
3624,0,1,1,0,0,0,1
3625,1,0,1,0,0,1,1
3626,0,1,0,1,0,0,0
3627,1,0,0,1,0,0,0
3628,0,0,0,0,0,1,0
3629,1,1,0,1,0,1,1
3630,1,0,0,1,1,1,0
3631,0,1,1,0,0,1,0
3632,0,1,1,0,1,0,0
3633,0,0,1,0,1,1,0
3634,0,1,1,0,0,0,1
3635,0,0,1,0,0,0,1
3636,1,1,1,1,1,0,1
3637,0,1,1,1,0,0,0
3638,1,1,1,1,1,1,1
3639,1,0,0,1,1,1,0
3640,1,1,0,1,0,0,0
3641,1,1,1,0,0,0,0
3642,1,1,1,1,0,1,0
3643,1,0,1,1,1,1,1
3644,0,1,1,0,1,1,0
3645,1,0,0,0,0,0,1
3646,0,0,1,1,0,0,0
3647,0,0,1,0,0,0,1
3648,0,0,1,0,1,0,0
3649,1,1,1,1,1,1,0
3650,1,0,1,1,1,0,1
3651,1,0,0,0,0,1,1
3652,0,0,1,0,1,0,1
3653,0,1,1,1,1,0,0
3654,1,1,1,0,1,1,1
3655,0,0,0,0,1,0,0
3656,1,0,0,0,1,0,0
3657,1,0,0,1,0,1,1
3658,0,0,0,1,1,0,0
3659,1,0,0,0,1,1,1
3660,0,1,1,1,0,0,0
3661,1,0,1,1,1,0,1
3662,0,0,1,1,0,0,1
3663,1,1,1,0,1,0,0
3664,1,0,0,1,1,0,0
3665,1,0,0,0,1,1,0
3666,0,0,0,0,1,1,1
3667,1,1,0,0,0,0,0
3668,0,0,0,0,0,0,0
3669,0,1,0,0,1,1,1
3670,0,0,0,0,0,1,1
3671,0,0,1,1,1,0,1
3672,0,0,0,0,1,1,1
3673,0,0,1,1,0,1,1
3674,1,0,1,1,0,1,1
3675,0,0,1,0,1,1,0
3676,0,1,0,1,0,1,0
3677,0,1,1,0,0,0,0
3678,0,1,0,0,1,1,1
3679,1,1,0,0,1,0,0
3680,0,0,0,0,1,0,0
3681,1,0,1,0,1,1,1
3682,1,0,1,0,1,1,0
3683,0,1,0,0,1,1,0
3684,1,0,0,1,1,1,1
3685,1,1,1,0,0,0,0
3686,0,0,1,0,0,0,1
3687,0,0,1,0,0,0,1
3688,1,0,0,1,0,0,0
3689,0,0,0,1,1,1,1
3690,1,1,1,0,0,0,0
3691,0,0,1,0,0,0,0
3692,0,0,0,1,1,0,0
3693,0,1,0,0,0,0,0
3694,1,1,1,0,1,1,0
3695,1,1,0,1,1,1,1
3696,1,1,1,1,0,1,1
3697,1,1,1,1,1,0,1
3698,1,0,0,0,0,1,1
3699,0,0,0,0,1,0,1
3700,1,1,0,1,0,1,0
3701,0,1,0,1,0,0,0
3702,0,1,0,1,0,0,0
3703,0,0,1,0,1,0,0
3704,1,1,0,0,0,1,1
3705,1,1,0,0,1,0,1
3706,0,0,1,0,0,0,1
3707,0,0,1,1,1,0,1
3708,0,1,1,1,1,0,0
3709,0,0,0,0,1,0,1
3710,1,1,1,1,1,0,0
3711,1,1,1,0,0,1,0
3712,0,0,1,1,1,1,1
3713,1,1,0,1,1,0,1
3714,1,0,0,0,0,0,0
3715,0,1,1,0,0,0,0
3716,1,1,1,0,1,1,1
3717,1,1,1,0,1,0,1
3718,0,0,0,0,0,0,1
3719,1,1,0,1,0,0,1
3720,1,1,0,1,0,1,0
3721,1,1,0,1,0,0,1
3722,1,0,0,1,1,1,0
3723,1,0,0,0,0,1,1
3724,1,0,0,0,0,1,1
3725,0,0,0,1,0,1,0
3726,1,0,0,0,0,0,1
3727,0,0,1,0,0,1,1
3728,0,1,0,0,0,1,0
3729,1,0,0,1,0,1,1
3730,1,0,1,1,0,0,1
3731,0,0,0,0,0,0,1
3732,0,1,1,1,0,1,0
3733,0,0,1,1,0,1,1
3734,1,1,1,1,0,1,0
3735,1,1,0,1,1,1,0
3736,1,1,0,1,0,1,1
3737,0,1,0,0,0,0,0
3738,0,1,1,0,1,1,0
3739,0,0,1,0,1,0,1
3740,1,0,0,1,0,0,0
3741,0,0,1,0,1,1,0
3742,1,0,1,1,0,0,1
3743,1,0,0,1,0,0,0
3744,1,1,1,0,1,0,0
3745,1,0,1,1,1,0,0
3746,0,0,0,1,0,0,1
3747,0,0,0,0,1,1,0
3748,0,0,0,1,0,0,0
3749,1,1,0,0,1,0,0
3750,1,0,0,0,1,0,1
3751,1,1,1,0,1,1,0
3752,1,1,0,0,0,0,0
3753,1,0,0,0,0,0,1
3754,0,1,0,1,0,1,1
3755,1,1,0,1,0,0,0
3756,0,0,1,1,1,1,0
3757,0,0,1,0,0,1,1
3758,0,0,0,0,1,1,1
3759,1,1,0,1,1,1,0
3760,0,1,0,1,1,0,0
3761,0,0,1,1,0,1,0
3762,0,0,0,1,1,1,0
3763,0,1,0,0,0,0,1
3764,0,1,1,0,0,0,0
3765,0,1,1,1,0,0,1
3766,1,1,0,1,1,0,0
3767,1,0,1,0,1,1,1
3768,1,1,0,1,0,1,0
3769,1,0,0,0,1,0,1
3770,0,1,1,0,1,0,0
3771,0,0,1,0,1,1,1
3772,0,1,0,1,0,0,1
3773,0,0,0,0,0,0,0
3774,0,1,1,1,0,1,0
3775,0,0,0,0,1,1,0
3776,0,1,1,0,1,0,0
3777,1,1,0,1,1,1,0
3778,1,1,1,1,1,1,0
3779,1,1,1,0,0,1,0
3780,0,1,1,1,1,1,0
3781,0,1,0,1,0,1,0
3782,0,0,1,1,1,1,1
3783,1,1,0,1,1,0,1
3784,0,0,0,0,1,1,1
3785,0,1,1,1,0,0,0
3786,1,0,0,1,1,1,1
3787,0,0,1,1,1,0,1
3788,0,1,1,0,0,0,0
3789,1,1,1,0,0,1,0
3790,1,0,0,1,0,0,1
3791,0,0,0,1,0,1,1
3792,1,0,1,0,0,1,1
3793,0,1,1,0,0,1,0
3794,1,0,1,1,1,0,0
3795,0,0,0,1,0,1,1
3796,1,1,0,0,1,1,1
3797,1,0,0,0,1,0,0
3798,0,0,1,1,0,1,0
3799,0,1,0,0,0,1,0
3800,0,1,0,0,1,1,1
3801,1,0,0,1,0,1,1
3802,1,1,1,1,1,0,0
3803,0,1,0,1,1,0,0
3804,0,1,1,1,0,0,1
3805,0,1,0,0,1,1,1
3806,1,1,0,1,0,0,1
3807,1,0,0,1,1,1,1
3808,1,1,0,0,0,1,1
3809,0,0,1,0,0,0,0
3810,1,0,1,0,1,0,0
3811,0,0,0,0,0,1,1
3812,1,1,1,0,0,1,1
3813,1,0,1,0,1,0,0
3814,1,0,1,1,0,1,1
3815,1,1,0,0,0,0,1
3816,0,1,1,1,0,0,1
3817,1,1,0,0,0,1,0
3818,1,1,0,1,0,0,0
3819,1,0,1,1,1,1,0
3820,0,0,0,0,0,0,1
3821,1,0,0,0,0,0,1
3822,1,1,0,0,1,0,1
3823,1,0,0,1,0,0,1
3824,0,1,0,0,0,0,0
3825,1,1,0,1,1,0,0
3826,1,1,1,1,1,0,1
3827,1,1,0,1,0,1,1
3828,0,0,0,0,1,0,0
3829,1,0,1,1,0,0,0
3830,0,1,1,0,0,1,0
3831,1,0,0,1,1,0,0
3832,0,1,1,0,1,0,1
3833,0,1,0,0,0,0,1
3834,1,0,1,0,1,0,1
3835,0,1,1,0,1,0,1
3836,0,0,0,0,1,0,1
3837,1,0,1,0,1,0,0
3838,1,1,1,1,1,0,0
3839,1,0,0,0,0,1,0
3840,0,1,0,1,1,1,0
3841,1,1,1,1,0,0,0
3842,1,0,1,0,0,1,1
3843,1,1,0,1,0,1,1
3844,1,0,1,1,1,1,1
3845,0,0,0,1,0,0,0
3846,1,1,0,1,1,0,1
3847,1,0,0,0,0,0,0
3848,1,1,1,1,0,0,0
3849,0,0,0,1,1,1,0
3850,0,0,0,1,1,0,0
3851,1,0,0,1,0,1,1
3852,1,0,0,0,0,0,0
3853,1,0,0,0,0,0,1
3854,1,1,0,1,1,1,0
3855,1,0,1,1,0,1,1
3856,0,1,0,1,1,1,1
3857,1,0,0,1,1,0,1
3858,0,0,0,0,1,1,0
3859,0,1,0,1,0,0,1
3860,1,1,1,0,1,0,1
3861,1,1,1,1,1,0,0
3862,0,0,0,0,0,1,0
3863,1,1,0,1,1,0,1
3864,1,0,1,0,1,0,0
3865,1,0,1,1,0,1,1
3866,0,0,1,1,1,1,1
3867,1,0,1,0,0,0,0
3868,1,0,0,0,1,0,0
3869,1,1,0,1,0,1,1
3870,0,0,1,1,0,1,0
3871,1,1,0,1,1,0,0
3872,1,0,0,1,1,1,1
3873,0,0,0,0,0,1,0
3874,0,0,0,0,1,1,0
3875,0,0,0,0,1,0,1
3876,1,1,1,0,1,1,0
3877,1,1,0,0,0,1,1
3878,1,0,1,0,0,1,0
3879,1,0,1,1,1,1,0
3880,0,1,0,0,1,1,1
3881,0,1,0,1,0,1,0
3882,1,0,0,0,1,0,1
3883,0,1,1,0,1,1,0
3884,1,0,0,0,1,1,1
3885,0,1,1,1,1,1,1
3886,0,1,0,0,0,0,0
3887,0,1,1,0,1,1,1
3888,0,0,0,0,1,0,0
3889,0,1,0,1,1,1,1
3890,0,0,0,1,0,1,0
3891,0,1,1,0,1,1,0
3892,0,1,1,0,0,0,0
3893,0,0,1,1,0,1,1
3894,0,0,1,0,1,0,1
3895,0,0,1,1,0,0,1
3896,1,0,0,1,1,0,1
3897,1,0,0,0,0,1,1
3898,0,0,1,0,0,1,1
3899,1,0,1,1,0,1,0
3900,0,1,0,0,1,0,1
3901,0,1,0,1,1,1,1
3902,0,1,1,0,0,0,1
3903,0,1,1,1,1,0,0
3904,0,1,0,0,1,1,1
3905,1,0,0,0,1,0,1
3906,1,0,1,0,0,1,0
3907,0,1,0,0,0,0,1
3908,0,1,0,1,1,1,0
3909,0,0,1,1,0,0,0
3910,1,0,1,1,0,1,0
3911,0,0,0,1,0,0,0
3912,0,0,0,1,1,1,1
3913,0,1,0,1,1,0,1
3914,0,1,0,0,0,0,1
3915,1,1,1,0,0,0,1
3916,0,0,1,1,0,1,1
3917,1,0,0,1,0,1,0
3918,1,0,0,1,0,0,1
3919,0,1,1,1,0,0,1
3920,0,0,0,1,1,0,0
3921,0,0,1,0,1,1,1
3922,0,1,1,1,0,0,0
3923,0,0,1,1,0,1,0
3924,1,1,1,0,1,0,1
3925,0,1,0,0,0,0,1
3926,1,0,1,1,1,1,0
3927,0,0,0,0,1,1,0
3928,1,0,1,1,1,1,0
3929,0,0,1,1,1,1,0
3930,0,1,1,1,0,0,1
3931,1,0,1,1,1,1,0
3932,0,0,1,0,1,1,1
3933,0,0,0,0,1,0,0
3934,0,0,1,0,1,0,0
3935,1,1,0,1,0,0,0
3936,0,1,1,1,1,1,0
3937,0,0,1,1,1,0,1
3938,1,0,1,0,1,1,1
3939,1,0,1,1,0,1,0
3940,0,0,1,1,0,1,0
3941,0,1,0,1,0,0,1
3942,0,1,0,0,1,1,1
3943,0,0,1,0,1,1,0
3944,0,1,1,0,0,1,0
3945,1,0,0,0,1,0,0
3946,1,1,0,1,1,1,1
3947,1,1,0,1,0,1,0
3948,0,1,0,0,1,0,1
3949,0,1,1,0,0,1,1
3950,1,0,1,1,1,1,1
3951,0,0,0,0,1,0,0
3952,1,1,1,0,0,1,0
3953,0,0,1,1,0,0,1
3954,1,1,0,0,0,0,0
3955,0,0,1,1,0,0,1
3956,0,0,1,1,1,0,1
3957,0,0,0,1,0,1,1
3958,0,1,1,1,0,0,0
3959,1,1,1,1,0,1,0
3960,1,1,0,1,0,0,1
3961,1,0,0,1,0,1,1
3962,1,0,1,0,0,0,0
3963,0,0,0,0,1,1,0
3964,0,1,1,0,0,0,1
3965,1,0,1,0,1,0,1
3966,0,0,1,1,0,1,0
3967,1,0,1,0,0,0,0
3968,0,1,1,0,0,1,0
3969,0,1,0,1,0,0,1
3970,1,0,0,1,0,1,0
3971,1,0,1,0,1,1,0
3972,1,1,0,1,1,0,0
3973,0,0,1,1,0,0,1
3974,1,1,0,1,0,1,1
3975,1,1,1,1,1,1,0
3976,0,0,0,1,0,1,0
3977,1,0,0,0,1,1,0
3978,0,1,0,1,1,1,1
3979,0,0,0,1,0,1,1
3980,0,1,0,0,0,1,0
3981,0,1,1,0,0,0,1
3982,1,0,1,0,1,0,0
3983,1,1,0,0,0,1,1
3984,1,0,1,0,0,1,1
3985,0,1,0,1,1,1,0
3986,0,0,1,0,0,1,0
3987,0,1,0,0,0,1,0
3988,1,0,0,0,0,1,1
3989,1,1,0,1,1,1,0
3990,1,1,0,0,0,0,1
3991,1,0,0,1,1,0,1
3992,0,0,0,1,0,0,1
3993,0,1,1,0,1,1,0
3994,0,0,0,1,0,1,0
3995,1,1,0,0,0,0,0
3996,0,0,0,0,1,1,0
3997,1,1,0,1,1,0,0
3998,1,0,0,1,0,0,0
3999,0,0,1,0,0,1,1
4000,0,1,1,0,1,0,1
